Origin	Destination	FFEPerWeek	Revenue_1	TransitTime
BDCGP	AEJEA	4	310	26
BEANR	AEJEA	32	1060	27
BEZEE	AEJEA	79	990	28
BGVAR	AEJEA	17	1220	28
CNDLC	AEJEA	192	1190	29
CNFOC	AEJEA	7	1020	27
CNSHA	AEJEA	388	1030	25
CNTAO	AEJEA	77	1130	26
CNXMN	AEJEA	51	1120	21
CNYTN	AEJEA	301	1100	20
CYLMS	AEJEA	1	1300	17
DEBRV	AEJEA	262	990	22
DEHAM	AEJEA	10	970	27
DKAAR	AEJEA	17	1050	29
DZALG	AEJEA	1	1140	24
EGALY	AEJEA	26	950	18
EGDAM	AEJEA	10	1100	15
EGPSD	AEJEA	100	940	11
ESAGP	AEJEA	2	1520	18
ESALG	AEJEA	95	930	27
ESBCN	AEJEA	34	980	25
ESVGO	AEJEA	6	1140	30
ESVLC	AEJEA	12	950	26
FIKTK	AEJEA	9	1060	36
FIRAU	AEJEA	4	1350	34
FRBES	AEJEA	2	1340	42
FRDKK	AEJEA	7	1140	23
FRFOS	AEJEA	21	990	21
FRLEH	AEJEA	14	1010	27
GBABD	AEJEA	6	1030	27
GBFXT	AEJEA	127	930	25
GBSOU	AEJEA	1	940	25
GEPTI	AEJEA	4	1210	23
GRPIR	AEJEA	11	1150	21
GRSKG	AEJEA	7	1110	19
HKHKG	AEJEA	137	1150	22
IDJKT	AEJEA	45	1080	24
IDSUB	AEJEA	3	1250	25
IEDUB	AEJEA	13	1030	26
INCOK	AEJEA	19	490	27
INMAA	AEJEA	21	290	13
INNSA	AEJEA	85	290	6
INPAV	AEJEA	2	300	7
IRBND	AEJEA	13	440	39
ITGIT	AEJEA	103	980	17
ITGOA	AEJEA	91	1000	20
ITSAL	AEJEA	2	1100	25
ITTRS	AEJEA	30	1300	20
JOAQB	AEJEA	3	610	9
JPHKT	AEJEA	67	2190	39
JPNGO	AEJEA	111	2210	37
JPUKB	AEJEA	61	2190	29
JPYOK	AEJEA	174	2120	30
KRPUS	AEJEA	118	1300	30
KWSWK	AEJEA	8	410	7
LBBEY	AEJEA	13	1070	21
LKCMB	AEJEA	25	290	10
MACAS	AEJEA	5	990	26
MAPTM	AEJEA	2	970	23
MYPEN	AEJEA	7	1210	14
MYPKG	AEJEA	37	1010	15
MYTPP	AEJEA	161	1030	11
NLRTM	AEJEA	186	1020	22
NOBGO	AEJEA	2	1410	32
NOKRS	AEJEA	4	1390	30
NOSVG	AEJEA	5	1330	29
OMSLL	AEJEA	19	590	6
PHGES	AEJEA	1	1450	25
PHMNL	AEJEA	3	1210	26
PKBQM	AEJEA	6	310	13
PKKHI	AEJEA	19	540	7
PLGDY	AEJEA	29	1300	29
PTLEI	AEJEA	8	1260	24
RUKGD	AEJEA	1	1250	31
RULED	AEJEA	6	970	32
SADMM	AEJEA	2	610	9
SAJED	AEJEA	34	590	9
SEGOT	AEJEA	33	980	27
SGSIN	AEJEA	15	1010	15
SIKOP	AEJEA	28	1060	25
SYLTK	AEJEA	3	1130	22
THLCH	AEJEA	133	1090	23
TNTUN	AEJEA	6	1140	22
TRAMB	AEJEA	56	920	23
TRIZM	AEJEA	16	1170	18
TRMER	AEJEA	14	1120	20
TWKEL	AEJEA	12	1280	30
TWKHH	AEJEA	18	1100	25
UAODS	AEJEA	29	1220	22
VNHPH	AEJEA	4	1410	26
VNSGN	AEJEA	12	1020	23
YEADE	AEJEA	4	760	18
AEJEA	BDCGP	19	450	22
BEANR	BDCGP	5	1380	37
BEZEE	BDCGP	7	1510	42
BGVAR	BDCGP	1	1600	32
CNDLC	BDCGP	6	1370	19
CNLYG	BDCGP	2	1410	22
CNSHA	BDCGP	175	1290	23
CNTAO	BDCGP	22	1290	19
CNXMN	BDCGP	1	1380	17
CNYTN	BDCGP	11	1270	18
DEBRV	BDCGP	7	1410	44
DEHAM	BDCGP	10	1460	48
DKAAR	BDCGP	9	1400	49
EGALY	BDCGP	3	1330	34
EGPSD	BDCGP	1	1410	30
ESALG	BDCGP	54	1420	34
FRLEH	BDCGP	1	1480	40
GBFXT	BDCGP	12	1530	43
GEPTI	BDCGP	3	1660	37
GRPIR	BDCGP	1	1510	36
HKHKG	BDCGP	45	1340	19
IDJKT	BDCGP	14	1090	12
IDSRG	BDCGP	2	1310	12
IDSUB	BDCGP	5	1310	9
ILHFA	BDCGP	1	1720	27
INCOK	BDCGP	13	630	11
INNSA	BDCGP	5	410	22
IRBND	BDCGP	41	530	35
ITGIT	BDCGP	3	1410	28
JPNGO	BDCGP	12	2070	23
JPUKB	BDCGP	8	2070	20
JPYOK	BDCGP	2	2150	23
KRPUS	BDCGP	162	1560	18
KWSWK	BDCGP	8	480	30
LKCMB	BDCGP	6	410	11
MYTPP	BDCGP	14	1040	10
NLRTM	BDCGP	5	1490	42
OMSLL	BDCGP	5	560	29
PHMNL	BDCGP	2	1300	18
PKBQM	BDCGP	23	410	19
PKKHI	BDCGP	4	600	21
SADMM	BDCGP	3	580	17
SAJED	BDCGP	15	610	24
SEGOT	BDCGP	1	1480	47
SGSIN	BDCGP	33	1110	11
THLCH	BDCGP	26	1110	22
TRAMB	BDCGP	1	1410	31
TRMER	BDCGP	3	1560	39
TWKHH	BDCGP	12	1070	24
VNHPH	BDCGP	10	1350	15
VNSGN	BDCGP	5	1050	9
AEJEA	BEANR	2	1640	30
BDCGP	BEANR	1	2070	40
BGVAR	BEANR	7	1070	26
CNDLC	BEANR	1	2880	48
CNTAO	BEANR	2	3020	46
CNXMN	BEANR	1	3200	40
DEBRV	BEANR	6	410	4
EGALY	BEANR	7	800	19
ESALG	BEANR	290	780	6
GBFXT	BEANR	2	620	10
GRPIR	BEANR	2	990	25
INMAA	BEANR	9	2190	28
INNSA	BEANR	2	2200	26
INPAV	BEANR	1	2070	25
ITGIT	BEANR	25	850	14
KRPUS	BEANR	2	4240	43
LBBEY	BEANR	1	1000	24
LKCMB	BEANR	1	2230	31
MAAGA	BEANR	1	1120	13
MAPTM	BEANR	2	840	10
MYTPP	BEANR	2	3350	40
OMSLL	BEANR	2	1370	39
PKBQM	BEANR	2	2220	30
SADMM	BEANR	1	1420	39
SAJBI	BEANR	3	1680	39
SAJED	BEANR	3	1340	19
THLCH	BEANR	1	2590	41
TNTUN	BEANR	2	1040	13
TRAMB	BEANR	4	850	22
TRIZM	BEANR	9	1040	24
AEJEA	BEZEE	20	1680	28
BDCGP	BEZEE	43	2120	38
CNDLC	BEZEE	2	2950	49
CNFOC	BEZEE	11	2940	43
CNSHA	BEZEE	183	3120	42
CNTAO	BEZEE	15	3090	47
CNXMN	BEZEE	15	3270	40
CNYTN	BEZEE	186	3240	35
EGALY	BEZEE	1	820	17
EGPSD	BEZEE	3	850	17
ESALG	BEZEE	2	1440	19
HKHKG	BEZEE	99	2650	39
IDJKT	BEZEE	33	2820	41
IDSRG	BEZEE	9	2990	40
IDSUB	BEZEE	10	3010	42
ILHFA	BEZEE	5	1190	22
INCOK	BEZEE	3	2470	31
INMAA	BEZEE	25	2240	27
INNSA	BEZEE	24	2040	27
INPAV	BEZEE	12	2120	25
ITGIT	BEZEE	2	790	13
JPHKT	BEZEE	7	3420	52
JPNGO	BEZEE	1	3290	53
JPYOK	BEZEE	12	3410	47
KRPUS	BEZEE	3	3930	43
LKCMB	BEZEE	21	2060	24
MYPEN	BEZEE	4	2730	40
MYPKG	BEZEE	13	2600	34
MYTPP	BEZEE	85	2700	30
OMSLL	BEZEE	8	1400	20
PKBQM	BEZEE	13	2050	29
SADMM	BEZEE	33	1450	37
SAJBI	BEZEE	45	1560	37
SAJED	BEZEE	62	1380	16
SGSIN	BEZEE	7	2590	37
THLCH	BEZEE	118	2660	40
TRAMB	BEZEE	18	790	17
TRIZM	BEZEE	2	1070	16
TRMER	BEZEE	14	1010	25
TWKHH	BEZEE	22	2760	43
VNDAD	BEZEE	1	2970	43
VNHPH	BEZEE	9	3020	44
VNSGN	BEZEE	48	2710	40
AEJEA	BGVAR	12	1840	29
BEZEE	BGVAR	1	1020	21
CNDLC	BGVAR	21	3740	45
CNLYG	BGVAR	3	3860	50
CNSHA	BGVAR	72	2910	39
CNTAO	BGVAR	23	3910	44
CNXMN	BGVAR	20	3090	37
CNYTN	BGVAR	43	3060	34
DEBRV	BGVAR	2	1080	30
DEHAM	BGVAR	2	1100	32
DKAAR	BGVAR	3	1050	23
EGPSD	BGVAR	2	620	9
ESALG	BGVAR	4	630	18
ESVGO	BGVAR	4	900	33
GEPTI	BGVAR	2	950	19
HKHKG	BGVAR	31	3130	37
IDJKT	BGVAR	4	2850	25
IEDUB	BGVAR	1	1200	29
ILASH	BGVAR	11	640	13
ILHFA	BGVAR	2	1030	10
INMAA	BGVAR	19	2230	38
INNSA	BGVAR	10	2250	36
INPAV	BGVAR	1	2340	30
ITGIT	BGVAR	1	640	10
ITSAL	BGVAR	2	750	50
JPNGO	BGVAR	9	3740	50
JPUKB	BGVAR	8	3650	36
JPYOK	BGVAR	3	3880	46
KRPUS	BGVAR	17	3670	42
LKCMB	BGVAR	2	2270	31
MYPKG	BGVAR	1	2910	27
MYTPP	BGVAR	4	3020	23
NLRTM	BGVAR	10	1010	25
PHGES	BGVAR	1	3410	45
PHMNL	BGVAR	1	3030	36
PKBQM	BGVAR	9	2270	34
PTLEI	BGVAR	2	990	23
SGSIN	BGVAR	11	2900	30
THLCH	BGVAR	22	2970	39
TWKEL	BGVAR	2	3020	31
TWKHH	BGVAR	10	2790	41
VNSGN	BGVAR	2	3030	38
AEJEA	CNDLC	9	920	38
BEZEE	CNDLC	4	820	33
DEBRV	CNDLC	320	780	45
DEHAM	CNDLC	6	800	49
DKAAR	CNDLC	11	790	49
EGPSD	CNDLC	18	680	33
ESALG	CNDLC	33	680	33
ESVGO	CNDLC	3	910	55
ESVLC	CNDLC	2	690	55
FRBES	CNDLC	2	1030	38
FRDKK	CNDLC	4	940	40
FRFOS	CNDLC	1	800	53
FRLEH	CNDLC	7	810	45
GBFXT	CNDLC	27	880	46
IEDUB	CNDLC	2	1060	35
ILASH	CNDLC	1	640	37
ILHFA	CNDLC	3	1020	48
INMAA	CNDLC	2	540	25
INNSA	CNDLC	4	520	32
INPAV	CNDLC	4	550	21
IRBND	CNDLC	4	900	45
ITGIT	CNDLC	9	630	45
ITGOA	CNDLC	15	680	43
ITSAL	CNDLC	2	810	43
KWSWK	CNDLC	1	900	49
MACAS	CNDLC	2	630	45
MYPEN	CNDLC	4	560	12
MYTPP	CNDLC	89	390	11
NLRTM	CNDLC	122	830	42
NOAES	CNDLC	3	1170	56
NOBGO	CNDLC	5	1220	40
OMSLL	CNDLC	18	500	31
PTLEI	CNDLC	3	1010	56
RULED	CNDLC	3	760	53
SAJBI	CNDLC	2	680	26
SAJED	CNDLC	2	490	37
SEGOT	CNDLC	22	790	46
SGSIN	CNDLC	18	390	11
THLCH	CNDLC	6	380	13
TRAMB	CNDLC	4	680	47
TRIZM	CNDLC	6	840	36
TRMER	CNDLC	24	860	42
UAODS	CNDLC	1	920	47
DEHAM	CNFOC	5	770	52
ESALG	CNFOC	2	1410	37
INPAV	CNFOC	3	510	21
JPYOK	CNFOC	2	420	9
LKCMB	CNFOC	2	510	21
MYPKG	CNFOC	2	340	15
NLRTM	CNFOC	6	720	48
AEJEA	CNLYG	2	960	30
ESALG	CNLYG	1	1340	49
AEJEA	CNSHA	6	820	24
BEZEE	CNSHA	7	720	38
BGVAR	CNSHA	7	830	46
DEBRV	CNSHA	193	750	39
DEHAM	CNSHA	51	710	43
DKAAR	CNSHA	4	760	45
EGPSD	CNSHA	15	580	26
ESALG	CNSHA	198	580	35
ESBCN	CNSHA	2	630	42
ESVGO	CNSHA	2	880	48
ESVLC	CNSHA	3	590	44
FRBES	CNSHA	2	1000	49
FRDKK	CNSHA	1	910	33
FRFOS	CNSHA	7	770	38
FRLEH	CNSHA	16	780	39
GBABD	CNSHA	7	1080	36
GBFXT	CNSHA	6	870	40
GBSOU	CNSHA	56	920	35
GRPIR	CNSHA	8	850	41
GRSKG	CNSHA	15	770	46
HKHKG	CNSHA	50	320	5
IEDUB	CNSHA	1	1050	37
ILHFA	CNSHA	4	990	34
INCOK	CNSHA	3	690	25
INNSA	CNSHA	9	480	25
INPAV	CNSHA	3	520	27
IRBND	CNSHA	1	870	28
ITGIT	CNSHA	18	600	35
ITGOA	CNSHA	8	580	37
ITTRS	CNSHA	2	910	37
JPNGO	CNSHA	2	430	7
KRPUS	CNSHA	2	330	4
LKCMB	CNSHA	15	520	15
MAAGA	CNSHA	3	850	43
MYTPP	CNSHA	94	350	10
NLRTM	CNSHA	152	740	37
NOBGO	CNSHA	1	1080	52
OMSLL	CNSHA	2	410	26
PHGES	CNSHA	3	700	11
PLGDY	CNSHA	5	960	39
PTLEI	CNSHA	7	980	41
RULED	CNSHA	5	720	48
SAJBI	CNSHA	3	650	28
SAJED	CNSHA	11	450	29
SEGOT	CNSHA	54	760	42
SGSIN	CNSHA	21	350	10
SIKOP	CNSHA	5	740	34
THLCH	CNSHA	15	340	13
TNTUN	CNSHA	3	760	48
TRAMB	CNSHA	3	580	43
TRIZM	CNSHA	4	810	41
TRMER	CNSHA	4	750	37
UAODS	CNSHA	15	890	37
AEJEA	CNTAO	3	890	27
DEBRV	CNTAO	11	820	45
DKAAR	CNTAO	10	830	49
EGALY	CNTAO	1	690	42
ESALG	CNTAO	20	1370	35
ESBCN	CNTAO	1	630	54
ESVGO	CNTAO	3	860	60
FRBES	CNTAO	1	1070	39
FRDKK	CNTAO	4	890	41
FRFOS	CNTAO	2	840	42
GBABD	CNTAO	6	1040	35
GBFXT	CNTAO	21	920	44
GBSOU	CNTAO	2	980	44
GRSKG	CNTAO	10	830	39
IEDUB	CNTAO	2	1110	36
ILHFA	CNTAO	4	960	42
INNSA	CNTAO	6	540	31
INPAV	CNTAO	2	530	29
IRBND	CNTAO	10	940	44
ITGOA	CNTAO	1	640	41
LKCMB	CNTAO	3	530	22
MAAGA	CNTAO	2	920	53
MYPEN	CNTAO	2	570	15
MYPKG	CNTAO	2	400	11
MYTPP	CNTAO	42	1190	21
NLRTM	CNTAO	56	800	42
NOAES	CNTAO	13	1190	56
NOBGO	CNTAO	5	1160	42
OMSLL	CNTAO	17	470	21
PLGDY	CNTAO	2	1030	41
RULED	CNTAO	14	770	53
SAJBI	CNTAO	3	710	27
SAJED	CNTAO	12	460	33
SEGOT	CNTAO	12	830	47
SGSIN	CNTAO	8	370	11
THLCH	CNTAO	1	390	16
TRAMB	CNTAO	3	650	36
AEJEA	CNXMN	14	810	28
BEZEE	CNXMN	9	900	34
BGVAR	CNXMN	1	1010	38
DEBRV	CNXMN	36	880	44
DEHAM	CNXMN	13	900	37
EGPSD	CNXMN	40	750	35
ESAGP	CNXMN	2	1360	36
ESALG	CNXMN	10	740	39
FIKTK	CNXMN	7	1040	70
FRDKK	CNXMN	22	1030	36
FRLEH	CNXMN	1	890	34
GBFXT	CNXMN	7	1100	35
GBSOU	CNXMN	68	1260	38
IEDUB	CNXMN	3	1270	54
ILASH	CNXMN	1	770	34
ILHFA	CNXMN	2	1090	32
INMAA	CNXMN	6	390	31
INNSA	CNXMN	3	400	18
INPAV	CNXMN	5	390	25
IRBND	CNXMN	4	860	32
ITGIT	CNXMN	1	760	36
ITGOA	CNXMN	3	760	45
JPYOK	CNXMN	1	840	12
LBBEY	CNXMN	1	890	35
LKCMB	CNXMN	5	390	11
MYPEN	CNXMN	1	470	17
MYTPP	CNXMN	9	310	14
NLRTM	CNXMN	117	950	30
NOSVG	CNXMN	17	1200	33
OMSLL	CNXMN	5	750	35
PTLEI	CNXMN	11	1060	50
SAJED	CNXMN	4	730	33
SGSIN	CNXMN	6	320	7
THLCH	CNXMN	14	340	19
TRAMB	CNXMN	20	770	42
TRMER	CNXMN	1	920	36
UAODS	CNXMN	3	970	40
YEADE	CNXMN	1	930	28
AEJEA	CNYTN	11	830	24
BEZEE	CNYTN	1	930	39
DEBRV	CNYTN	18	900	34
DKAAR	CNYTN	16	890	39
ESALG	CNYTN	18	760	34
ESBCN	CNYTN	6	750	37
GBABD	CNYTN	29	1310	39
INNSA	CNYTN	3	410	21
IRBND	CNYTN	9	880	28
ITGIT	CNYTN	2	780	44
JPNGO	CNYTN	3	850	8
JPYOK	CNYTN	15	860	8
MYPEN	CNYTN	2	480	8
MYTPP	CNYTN	19	320	7
NLRTM	CNYTN	8	880	32
OMSLL	CNYTN	2	770	37
PKBQM	CNYTN	2	410	17
PTLEI	CNYTN	9	1080	40
RULED	CNYTN	3	880	43
SADMM	CNYTN	1	760	26
SEGOT	CNYTN	10	890	43
SGSIN	CNYTN	26	330	6
THLCH	CNYTN	11	310	11
AEJEA	CYLMS	8	1830	18
CNSHA	CYLMS	1	3060	35
CNXMN	CYLMS	1	3180	34
CNYTN	CYLMS	5	3150	29
DEBRV	CYLMS	4	1140	18
ESALG	CYLMS	2	2850	29
GBFXT	CYLMS	6	1130	21
HKHKG	CYLMS	4	3110	31
INMAA	CYLMS	1	2290	50
JPHKT	CYLMS	3	3720	45
LBBEY	CYLMS	6	830	3
MYTPP	CYLMS	5	3690	41
NLRTM	CYLMS	4	1140	20
OMSLL	CYLMS	2	1210	50
PKBQM	CYLMS	1	2320	22
PLGDY	CYLMS	2	1280	25
SAJED	CYLMS	4	1210	11
SGSIN	CYLMS	2	2870	30
THLCH	CYLMS	5	3100	29
TWKHH	CYLMS	2	3130	37
AEJEA	DEBRV	25	1700	23
BDCGP	DEBRV	46	2170	40
BEZEE	DEBRV	1	420	4
BGVAR	DEBRV	5	1080	28
CNDLC	DEBRV	148	3130	45
CNFOC	DEBRV	12	3010	39
CNLYG	DEBRV	2	3040	46
CNSHA	DEBRV	882	3070	37
CNTAO	DEBRV	269	2970	42
CNXMN	DEBRV	156	3140	34
CNYTN	DEBRV	451	3440	32
CYLMS	DEBRV	1	1060	25
EGALY	DEBRV	3	790	15
EGPSD	DEBRV	3	820	11
ESALG	DEBRV	134	810	9
ESLPA	DEBRV	1	1270	10
ESSCT	DEBRV	1	1230	46
ESVGO	DEBRV	2	1040	14
ESVLC	DEBRV	8	810	11
GBFXT	DEBRV	2	580	3
GEPTI	DEBRV	1	1150	20
GRPIR	DEBRV	4	980	20
GRSKG	DEBRV	6	1010	23
HKHKG	DEBRV	334	2730	36
IDJKT	DEBRV	55	2670	38
IDSRG	DEBRV	9	2950	37
IDSUB	DEBRV	16	2830	39
ILASH	DEBRV	5	840	15
ILHFA	DEBRV	6	1170	18
INCOK	DEBRV	6	2340	33
INMAA	DEBRV	20	2140	29
INNSA	DEBRV	53	2220	28
INPAV	DEBRV	25	2180	28
ITGIT	DEBRV	17	790	14
ITGOA	DEBRV	2	850	14
JOAQB	DEBRV	3	1400	18
JPHKT	DEBRV	34	3390	50
JPNGO	DEBRV	26	3460	48
JPSMZ	DEBRV	12	3540	44
JPUKB	DEBRV	22	3490	43
JPYOK	DEBRV	54	3230	44
KRPUS	DEBRV	310	3980	41
KWSWK	DEBRV	1	1720	34
LKCMB	DEBRV	35	2170	26
MAAGA	DEBRV	15	1110	10
MACAS	DEBRV	4	800	12
MAPTM	DEBRV	2	800	11
MYPEN	DEBRV	13	2880	36
MYPKG	DEBRV	35	2660	29
MYTPP	DEBRV	82	2700	26
NLRTM	DEBRV	3	390	4
NOAES	DEBRV	2	810	6
PHGES	DEBRV	2	3060	42
PHMNL	DEBRV	24	2760	39
PKBQM	DEBRV	27	2170	27
RUKGD	DEBRV	6	650	3
RULED	DEBRV	4	400	9
SAJED	DEBRV	7	1370	19
SGSIN	DEBRV	15	2650	32
THLCH	DEBRV	115	2590	37
TRAMB	DEBRV	92	840	18
TRIZM	DEBRV	32	1030	20
TRMER	DEBRV	7	1020	16
TWKHH	DEBRV	108	2610	39
VNDAD	DEBRV	6	3040	40
VNHPH	DEBRV	9	3070	40
VNSGN	DEBRV	148	2770	37
AEJEA	DEHAM	3	1740	31
BDCGP	DEHAM	25	2220	42
CNDLC	DEHAM	41	2900	48
CNFOC	DEHAM	5	3080	66
CNSHA	DEHAM	198	3140	46
CNTAO	DEHAM	20	3040	45
CNXMN	DEHAM	49	3220	39
CNYTN	DEHAM	114	3180	41
ESALG	DEHAM	13	830	7
ESVLC	DEHAM	8	830	12
HKHKG	DEHAM	59	2790	39
IDJKT	DEHAM	9	2730	39
IDSRG	DEHAM	5	3020	46
IDSUB	DEHAM	2	2900	48
INCOK	DEHAM	1	2390	50
INMAA	DEHAM	4	2190	37
INNSA	DEHAM	12	2050	30
INPAV	DEHAM	5	2230	27
JPHKT	DEHAM	17	3470	53
JPNGO	DEHAM	8	3210	52
JPSMZ	DEHAM	7	3280	53
JPUKB	DEHAM	19	3230	52
JPYOK	DEHAM	10	3310	53
KRPUS	DEHAM	9	4080	44
LBBEY	DEHAM	5	980	23
LKCMB	DEHAM	7	2220	70
MYPEN	DEHAM	6	2940	38
MYPKG	DEHAM	4	2720	29
MYTPP	DEHAM	65	2760	35
PHMNL	DEHAM	3	2830	48
PKBQM	DEHAM	6	2220	31
PTLEI	DEHAM	5	1180	10
SAJED	DEHAM	1	1410	18
SGSIN	DEHAM	6	2710	41
THLCH	DEHAM	36	2650	45
TNTUN	DEHAM	2	980	27
TWKEL	DEHAM	3	2910	37
TWKHH	DEHAM	45	2670	48
VNDAD	DEHAM	2	3110	49
VNHPH	DEHAM	7	2840	49
VNSGN	DEHAM	23	2560	40
BDCGP	DKAAR	10	2100	47
CNDLC	DKAAR	26	3040	57
CNFOC	DKAAR	7	3150	57
CNLYG	DKAAR	2	3110	59
CNSHA	DKAAR	139	2980	46
CNTAO	DKAAR	28	2870	55
CNXMN	DKAAR	48	3370	48
CNYTN	DKAAR	107	3340	42
EGALY	DKAAR	1	830	26
ESALG	DKAAR	1	1680	27
ESVLC	DKAAR	5	850	13
HKHKG	DKAAR	33	2640	45
IDJKT	DKAAR	1	2790	47
IDSRG	DKAAR	2	3080	47
IDSUB	DKAAR	11	2960	58
ILHFA	DKAAR	1	1110	24
INMAA	DKAAR	3	2070	35
INNSA	DKAAR	16	2150	36
INPAV	DKAAR	4	2070	34
ITGIT	DKAAR	3	830	16
JPNGO	DKAAR	2	3360	45
JPSMZ	DKAAR	5	3440	40
JPUKB	DKAAR	2	3310	39
KRPUS	DKAAR	3	3860	43
LKCMB	DKAAR	4	2060	25
MYPKG	DKAAR	3	2780	39
MYTPP	DKAAR	37	2610	36
PKBQM	DKAAR	6	2100	38
RULED	DKAAR	1	390	11
THLCH	DKAAR	20	2770	47
TRAMB	DKAAR	11	790	20
TRIZM	DKAAR	5	1080	26
TRMER	DKAAR	7	960	28
TWKHH	DKAAR	20	2740	49
VNDAD	DKAAR	9	3180	49
VNHPH	DKAAR	2	2900	50
VNSGN	DKAAR	24	2620	46
GBFXT	DZAAE	2	1380	19
INMAA	DZAAE	1	2640	59
SIKOP	DZAAE	4	1420	29
UAODS	DZAAE	2	1260	11
AEJEA	DZALG	23	1740	28
BDCGP	DZALG	1	2280	44
BEANR	DZALG	1	1060	18
BEZEE	DZALG	2	1070	18
CNDLC	DZALG	8	3820	50
CNFOC	DZALG	2	2900	44
CNLYG	DZALG	2	3880	51
CNSHA	DZALG	90	3030	41
CNTAO	DZALG	32	3610	47
CNXMN	DZALG	5	3140	38
CNYTN	DZALG	69	3110	36
DEBRV	DZALG	14	1010	15
DEHAM	DZALG	2	1060	24
DKAAR	DZALG	2	1000	25
EGPSD	DZALG	3	630	15
ESALG	DZALG	14	2190	17
ESBCN	DZALG	7	620	16
FIKTK	DZALG	2	1080	27
FRFOS	DZALG	5	1010	18
FRLEH	DZALG	3	1020	14
GBFXT	DZALG	1	1020	18
GBSOU	DZALG	4	1050	24
HKHKG	DZALG	19	3080	39
IDJKT	DZALG	2	2790	41
IDSUB	DZALG	1	3250	42
IEDUB	DZALG	3	1200	26
INCOK	DZALG	2	2390	44
INMAA	DZALG	1	2300	42
INNSA	DZALG	5	2340	33
ITGOA	DZALG	5	610	18
ITTRS	DZALG	3	930	24
JOAQB	DZALG	2	1210	18
JPYOK	DZALG	2	3730	45
MACAS	DZALG	3	610	15
MYPKG	DZALG	6	2780	39
MYTPP	DZALG	22	2890	30
NLRTM	DZALG	21	1030	16
OMSLL	DZALG	1	1190	50
PKBQM	DZALG	9	2280	37
PLGDY	DZALG	10	1260	50
PTLEI	DZALG	11	900	14
SADMM	DZALG	1	1180	38
SAJED	DZALG	6	1120	21
SEGOT	DZALG	3	1020	23
SGSIN	DZALG	2	2770	38
SIKOP	DZALG	6	1050	22
THLCH	DZALG	4	2770	47
TNTUN	DZALG	4	810	21
TWKHH	DZALG	6	3020	52
UAODS	DZALG	2	890	23
AEJEA	DZBJA	5	1920	30
BDCGP	DZBJA	1	2490	45
BEANR	DZBJA	3	1120	19
BEZEE	DZBJA	2	1130	21
CNDLC	DZBJA	3	3670	52
CNSHA	DZBJA	8	3250	43
CNTAO	DZBJA	6	3840	49
CNYTN	DZBJA	3	3020	38
DEBRV	DZBJA	3	1180	17
DEHAM	DZBJA	3	1120	25
ESALG	DZBJA	2	2930	70
HKHKG	DZBJA	8	3300	35
INNSA	DZBJA	1	2300	35
ITGIT	DZBJA	2	780	16
KRPUS	DZBJA	1	3720	47
MACAS	DZBJA	7	770	23
MYPKG	DZBJA	2	2990	30
MYTPP	DZBJA	18	3100	32
NLRTM	DZBJA	6	1200	18
SADMM	DZBJA	2	1350	39
SAJED	DZBJA	5	1290	23
THLCH	DZBJA	6	2980	43
TWKHH	DZBJA	2	2940	47
AEJEA	DZORN	5	2060	25
BDCGP	DZORN	4	2390	45
BEZEE	DZORN	12	1250	15
CNDLC	DZORN	3	3850	51
CNSHA	DZORN	23	3420	42
CNTAO	DZORN	1	4030	49
CNXMN	DZORN	2	3140	39
CNYTN	DZORN	10	3180	37
DEBRV	DZORN	8	1300	22
ESALG	DZORN	5	880	3
ESVGO	DZORN	1	1090	12
FRLEH	DZORN	3	1290	11
HKHKG	DZORN	4	3150	41
INCOK	DZORN	1	2690	50
INMAA	DZORN	2	2600	43
INNSA	DZORN	1	2450	30
INPAV	DZORN	1	2480	35
KRPUS	DZORN	2	3900	46
MACAS	DZORN	3	890	10
MYTPP	DZORN	5	3270	32
NLRTM	DZORN	2	1200	13
PKBQM	DZORN	1	2580	28
PLGDY	DZORN	2	1540	19
SADMM	DZORN	3	1480	34
SAJED	DZORN	9	1420	70
SIKOP	DZORN	5	1200	18
THLCH	DZORN	2	3150	42
TWKHH	DZORN	7	3100	44
AEJEA	DZSKI	9	2080	32
CNDLC	DZSKI	5	3920	58
CNSHA	DZSKI	5	3150	49
CNTAO	DZSKI	2	4090	55
CNYTN	DZSKI	8	3240	44
DEBRV	DZSKI	4	1180	24
EGALY	DZSKI	1	860	15
EGPSD	DZSKI	7	780	12
ESALG	DZSKI	2	790	13
GBFXT	DZSKI	1	1260	20
GRSKG	DZSKI	3	1040	15
HKHKG	DZSKI	1	3200	47
INNSA	DZSKI	1	2480	23
ITGOA	DZSKI	4	840	19
KRPUS	DZSKI	2	3960	53
SEGOT	DZSKI	2	1270	23
SGSIN	DZSKI	2	3050	46
TWKHH	DZSKI	6	3150	51
AEJEA	EGALY	12	1520	20
BEZEE	EGALY	2	830	17
CNDLC	EGALY	7	3660	34
CNSHA	EGALY	14	2870	36
CNTAO	EGALY	15	3470	41
CNXMN	EGALY	1	2850	35
CNYTN	EGALY	13	2880	30
DEBRV	EGALY	37	820	11
DEHAM	EGALY	17	820	19
DKAAR	EGALY	2	820	15
ESALG	EGALY	14	410	6
ESLPA	EGALY	3	780	14
ESVGO	EGALY	2	660	19
GBABD	EGALY	13	1040	19
GBFXT	EGALY	20	850	15
GRPIR	EGALY	2	600	10
GRSKG	EGALY	3	570	14
HKHKG	EGALY	4	2990	28
IDJKT	EGALY	11	2660	34
IDSUB	EGALY	4	2890	37
IEDUB	EGALY	2	1020	23
INMAA	EGALY	13	2030	34
INNSA	EGALY	33	2160	25
INPAV	EGALY	1	2090	27
IRBND	EGALY	2	1600	34
ITGIT	EGALY	2	390	6
ITTRS	EGALY	3	660	15
JPHKT	EGALY	17	3690	46
JPUKB	EGALY	20	3520	42
JPYOK	EGALY	22	3420	43
KRPUS	EGALY	17	3430	36
LKCMB	EGALY	4	2090	28
MACAS	EGALY	4	400	20
MAPTM	EGALY	10	410	10
MYPKG	EGALY	2	2710	21
MYTPP	EGALY	11	3250	41
NLRTM	EGALY	63	820	13
PKBQM	EGALY	1	2020	23
PLGDY	EGALY	3	1000	21
PTLEI	EGALY	8	720	14
RULED	EGALY	39	780	19
SAJED	EGALY	9	1000	15
SEGOT	EGALY	12	780	16
SGSIN	EGALY	3	2760	30
SIKOP	EGALY	5	800	20
THLCH	EGALY	6	2620	36
TRAMB	EGALY	3	410	20
TRMER	EGALY	4	570	10
TWKHH	EGALY	6	2580	38
UAODS	EGALY	3	630	20
YEADE	EGALY	1	1190	25
AEJEA	EGDAM	2	1750	23
ESALG	EGDAM	4	2470	26
INNSA	EGDAM	1	2180	16
PKBQM	EGDAM	2	2250	16
YEADE	EGDAM	1	1410	13
AEJEA	EGPSD	19	1600	10
BDCGP	EGPSD	1	2020	28
BEANR	EGPSD	2	800	25
CNDLC	EGPSD	2	3390	31
CNFOC	EGPSD	4	2840	36
CNSHA	EGPSD	20	2940	27
CNTAO	EGPSD	3	3550	29
CNXMN	EGPSD	8	2910	26
CNYTN	EGPSD	13	2950	32
DEBRV	EGPSD	17	840	13
DEHAM	EGPSD	2	840	23
ESALG	EGPSD	4	420	6
FRFOS	EGPSD	1	830	10
GBABD	EGPSD	3	960	15
GBFXT	EGPSD	3	790	13
GBSOU	EGPSD	1	870	16
GRSKG	EGPSD	2	580	8
HKHKG	EGPSD	3	2770	24
ILASH	EGPSD	4	400	3
INCOK	EGPSD	2	2300	19
INMAA	EGPSD	13	2080	16
INNSA	EGPSD	26	2050	16
ITGIT	EGPSD	11	400	6
ITGOA	EGPSD	7	390	8
ITSAL	EGPSD	4	510	16
JPHKT	EGPSD	22	3420	36
JPNGO	EGPSD	2	3310	27
JPUKB	EGPSD	9	3600	30
JPYOK	EGPSD	66	3500	34
KRPUS	EGPSD	133	3510	27
KWSWK	EGPSD	5	1640	24
LBBEY	EGPSD	16	580	10
LKCMB	EGPSD	6	2130	14
MACAS	EGPSD	2	410	22
MYPKG	EGPSD	9	2770	17
MYTPP	EGPSD	11	2610	16
NLRTM	EGPSD	46	840	15
NOKRS	EGPSD	3	1130	16
OMSLL	EGPSD	5	1010	9
PKBQM	EGPSD	3	2110	14
PTLEI	EGPSD	2	740	25
RULED	EGPSD	2	770	18
SADMM	EGPSD	5	970	31
SAJED	EGPSD	11	1020	6
SIKOP	EGPSD	2	820	8
THLCH	EGPSD	56	2680	27
TRAMB	EGPSD	1	420	14
TRMER	EGPSD	2	590	3
TWKHH	EGPSD	4	2650	29
UAODS	EGPSD	12	640	10
YEADE	EGPSD	1	1130	11
AEJEA	ESAGP	1	2250	25
CNSHA	ESAGP	6	3290	57
CNTAO	ESAGP	2	4240	63
CNXMN	ESAGP	1	3260	54
ESALG	ESAGP	1	2680	32
INNSA	ESAGP	1	2690	20
INPAV	ESAGP	1	2750	21
AEJEA	ESALG	732	1510	7
BDCGP	ESALG	9	2070	26
BEANR	ESALG	266	820	5
BEZEE	ESALG	5	1720	25
BGVAR	ESALG	25	1990	23
CNDLC	ESALG	314	3470	36
CNFOC	ESALG	119	2900	32
CNLYG	ESALG	16	3760	43
CNSHA	ESALG	1257	2790	32
CNTAO	ESALG	322	3360	33
CNXMN	ESALG	130	2760	30
CNYTN	ESALG	552	2730	27
DEBRV	ESALG	225	780	6
DEHAM	ESALG	21	1650	26
DKAAR	ESALG	16	840	11
DZALG	ESALG	14	1910	13
EGALY	ESALG	53	390	11
EGPSD	ESALG	59	400	6
ESBCN	ESALG	32	1720	14
ESLPA	ESALG	4	2500	17
ESVGO	ESALG	10	1840	21
ESVLC	ESALG	81	1620	17
FIKTK	ESALG	5	1780	35
FIRAU	ESALG	2	2040	29
FRBES	ESALG	20	1920	31
FRDKK	ESALG	7	1780	32
FRFOS	ESALG	75	1690	15
FRLEH	ESALG	99	780	5
GBABD	ESALG	2	2290	34
GBFXT	ESALG	77	1690	21
GBSOU	ESALG	1	2130	28
GBTHP	ESALG	1	2440	29
GRPIR	ESALG	11	1840	23
GRSKG	ESALG	10	600	15
HKHKG	ESALG	712	2840	30
IDJKT	ESALG	129	2360	33
IDSRG	ESALG	11	2790	32
IDSUB	ESALG	29	2570	34
IEDUB	ESALG	51	1780	31
ILASH	ESALG	21	410	9
ILHFA	ESALG	11	730	14
INCOK	ESALG	8	2360	50
INMAA	ESALG	71	2130	23
INNSA	ESALG	385	2140	17
INPAV	ESALG	72	1980	24
IRBND	ESALG	54	2450	19
ITGIT	ESALG	68	410	4
ITGOA	ESALG	101	400	7
ITSAL	ESALG	122	520	8
JOAQB	ESALG	8	1020	9
JPHKT	ESALG	47	3500	33
JPNGO	ESALG	22	3390	33
JPOSA	ESALG	1	5440	59
JPSMZ	ESALG	7	3660	30
JPTYO	ESALG	9	5290	41
JPUKB	ESALG	37	3340	36
JPYOK	ESALG	38	3580	37
KRPUS	ESALG	284	3100	34
KWSWK	ESALG	7	2400	42
LBBEY	ESALG	57	1780	24
LKCMB	ESALG	42	1980	23
MAAGA	ESALG	38	630	3
MACAS	ESALG	45	1610	15
MAPTM	ESALG	2	1820	19
MYPEN	ESALG	20	2540	29
MYPKG	ESALG	175	2410	24
MYTPP	ESALG	223	2330	19
NLRTM	ESALG	350	780	7
NOAES	ESALG	14	1150	13
NOBGO	ESALG	1	2040	38
NOSVG	ESALG	1	1910	32
OMSLL	ESALG	16	930	23
PHMNL	ESALG	3	2640	47
PKBQM	ESALG	58	2160	22
PLGDY	ESALG	14	1030	9
PTLEI	ESALG	177	2000	12
RULED	ESALG	25	790	15
SADMM	ESALG	11	2060	19
SAJED	ESALG	115	950	8
SEGOT	ESALG	30	800	14
SGSIN	ESALG	137	2400	25
SIKOP	ESALG	6	830	8
SYLTK	ESALG	21	1800	29
THLCH	ESALG	219	2350	25
TNSFA	ESALG	19	770	11
TNTUN	ESALG	60	1790	14
TRAMB	ESALG	53	420	17
TRIZM	ESALG	20	1950	12
TRMER	ESALG	76	540	13
TWKEL	ESALG	3	2720	51
TWKHH	ESALG	55	2370	34
UAODS	ESALG	6	660	11
VNHPH	ESALG	3	2760	35
VNSGN	ESALG	57	2340	32
AEJEA	ESBCN	6	1550	28
BDCGP	ESBCN	8	2110	36
BGVAR	ESBCN	2	630	18
CNDLC	ESBCN	28	3550	42
CNFOC	ESBCN	6	2680	38
CNSHA	ESBCN	217	2850	35
CNTAO	ESBCN	41	3440	41
CNXMN	ESBCN	41	2820	34
CNYTN	ESBCN	199	2800	28
EGPSD	ESBCN	4	410	7
ESALG	ESBCN	7	2070	18
HKHKG	ESBCN	90	2900	31
IDJKT	ESBCN	8	2790	34
IDSRG	ESBCN	6	2940	33
IDSUB	ESBCN	2	3020	35
ILASH	ESBCN	5	410	13
ILHFA	ESBCN	3	750	10
INCOK	ESBCN	1	2180	50
INMAA	ESBCN	1	1970	36
INNSA	ESBCN	9	1980	30
INPAV	ESBCN	1	2030	27
JPHKT	ESBCN	12	3580	31
JPNGO	ESBCN	31	3470	48
JPSMZ	ESBCN	9	3740	41
JPUKB	ESBCN	11	3420	40
JPYOK	ESBCN	31	3310	41
KRPUS	ESBCN	27	3320	35
LKCMB	ESBCN	4	2020	20
MACAS	ESBCN	2	420	26
MYPKG	ESBCN	6	2830	32
MYTPP	ESBCN	4	2730	22
OMSLL	ESBCN	2	960	15
PHMNL	ESBCN	4	2910	36
PKBQM	ESBCN	6	2000	32
SADMM	ESBCN	1	990	37
SAJED	ESBCN	2	970	22
SGSIN	ESBCN	2	2620	32
THLCH	ESBCN	55	2810	33
TRAMB	ESBCN	2	390	15
TWKHH	ESBCN	24	2770	36
VNHPH	ESBCN	20	3060	36
VNSGN	ESBCN	29	2760	33
CNSHA	ESLPA	5	3330	42
CNTAO	ESLPA	2	3930	51
CNXMN	ESLPA	2	3300	39
CNYTN	ESLPA	2	3270	39
DEBRV	ESLPA	28	1190	7
DEHAM	ESLPA	1	1170	16
DKAAR	ESLPA	6	1160	13
GBFXT	ESLPA	15	1210	10
HKHKG	ESLPA	3	3390	42
IDSUB	ESLPA	3	3180	28
MYTPP	ESLPA	1	4110	35
NLRTM	ESLPA	9	1190	11
OMSLL	ESLPA	1	1380	17
SIKOP	ESLPA	1	1280	11
BEANR	ESSCT	2	1300	19
CNSHA	ESSCT	5	3130	43
CNYTN	ESSCT	3	3390	38
DEBRV	ESSCT	14	1260	17
DKAAR	ESSCT	1	1230	21
ESALG	ESSCT	3	2620	32
GBABD	ESSCT	3	1420	20
GBFXT	ESSCT	12	1290	19
HKHKG	ESSCT	3	3180	41
LKCMB	ESSCT	1	2520	36
NLRTM	ESSCT	5	1260	18
PLGDY	ESSCT	1	1500	21
AEJEA	ESTAR	6	1900	28
SADMM	ESTAR	11	1330	38
SAJBI	ESTAR	2	1440	39
SAJED	ESTAR	55	1310	23
TRMER	ESTAR	6	860	18
AEJEA	ESVGO	9	1860	40
BDCGP	ESVGO	1	2400	46
CNDLC	ESVGO	2	3870	46
CNSHA	ESVGO	23	2990	43
CNTAO	ESVGO	3	3840	49
CNXMN	ESVGO	3	3190	40
CNYTN	ESVGO	7	2930	38
EGPSD	ESVGO	1	650	15
ESALG	ESVGO	18	2290	20
HKHKG	ESVGO	19	3040	42
IDJKT	ESVGO	4	2790	31
ILHFA	ESVGO	1	1000	19
INCOK	ESVGO	6	2460	46
INMAA	ESVGO	1	2240	37
INNSA	ESVGO	2	2250	38
INPAV	ESVGO	3	2310	35
KRPUS	ESVGO	2	3630	41
LKCMB	ESVGO	3	2350	24
MAAGA	ESVGO	4	870	8
MYTPP	ESVGO	4	3550	43
OMSLL	ESVGO	4	1240	38
PKBQM	ESVGO	1	2270	39
SAJED	ESVGO	3	1250	16
THLCH	ESVGO	8	2820	43
TWKHH	ESVGO	3	3070	39
VNSGN	ESVGO	4	3060	43
YEADE	ESVGO	1	1380	24
AEJEA	ESVLC	5	1500	20
BDCGP	ESVLC	17	2000	34
BEZEE	ESVLC	4	850	16
BGVAR	ESVLC	2	640	14
CNDLC	ESVLC	30	3360	40
CNFOC	ESVLC	3	2750	36
CNSHA	ESVLC	168	2830	32
CNTAO	ESVLC	47	3330	39
CNXMN	ESVLC	25	2740	28
CNYTN	ESVLC	185	2770	26
DEBRV	ESVLC	4	830	15
EGALY	ESVLC	1	400	10
ESALG	ESVLC	16	2140	15
HKHKG	ESVLC	33	2880	29
IDJKT	ESVLC	14	2640	32
IDSRG	ESVLC	9	3010	31
IDSUB	ESVLC	3	2860	33
INCOK	ESVLC	8	2290	50
INMAA	ESVLC	5	2070	31
INNSA	ESVLC	6	2080	19
INPAV	ESVLC	5	2130	17
JPHKT	ESVLC	9	3660	32
JPNGO	ESVLC	5	3550	45
JPSMZ	ESVLC	6	3460	39
JPUKB	ESVLC	12	3500	37
JPYOK	ESVLC	5	3390	39
KRPUS	ESVLC	8	3480	33
LKCMB	ESVLC	8	2170	26
MYPKG	ESVLC	1	2630	25
MYTPP	ESVLC	18	2790	20
OMSLL	ESVLC	1	1030	13
PHMNL	ESVLC	5	2970	34
PKBQM	ESVLC	10	2090	21
RULED	ESVLC	3	780	21
SAJED	ESVLC	5	940	8
SGSIN	ESVLC	3	2680	29
THLCH	ESVLC	24	2660	31
TWKHH	ESVLC	23	2620	33
VNHPH	ESVLC	12	3130	34
VNSGN	ESVLC	19	2610	31
YEADE	ESVLC	2	1190	16
AEJEA	FIKTK	5	1720	32
CNDLC	FIKTK	3	3040	54
CNSHA	FIKTK	40	3190	46
CNTAO	FIKTK	4	3010	52
CNXMN	FIKTK	4	3360	43
CNYTN	FIKTK	40	3410	41
HKHKG	FIKTK	25	2840	45
ILASH	FIKTK	1	930	24
ILHFA	FIKTK	1	1290	27
INMAA	FIKTK	2	2260	38
INNSA	FIKTK	4	2280	37
INPAV	FIKTK	3	2330	37
JPYOK	FIKTK	16	3410	54
KRPUS	FIKTK	10	4240	61
KWSWK	FIKTK	1	1700	43
LKCMB	FIKTK	6	2150	35
MYPKG	FIKTK	10	2750	38
MYTPP	FIKTK	2	2640	36
PHMNL	FIKTK	4	2810	49
PKBQM	FIKTK	2	2290	37
THLCH	FIKTK	21	2790	47
TRAMB	FIKTK	1	880	29
TWKHH	FIKTK	6	2750	43
AEJEA	FIRAU	1	2040	32
BGVAR	FIRAU	2	1440	31
CNSHA	FIRAU	2	3560	36
CNTAO	FIRAU	7	3370	56
ESVGO	FIRAU	3	1350	17
ESVLC	FIRAU	2	1130	22
GRPIR	FIRAU	2	1390	23
GRSKG	FIRAU	3	1390	34
IDJKT	FIRAU	1	3050	37
INMAA	FIRAU	1	2610	38
JOAQB	FIRAU	3	1700	20
LKCMB	FIRAU	1	2480	26
MYTPP	FIRAU	1	2980	30
TRAMB	FIRAU	1	1190	21
TRMER	FIRAU	1	1340	29
AEJEA	FRBES	1	2050	35
BDCGP	FRBES	1	2390	44
CNSHA	FRBES	3	3220	46
CNTAO	FRBES	6	3360	40
ESALG	FRBES	2	2090	27
HKHKG	FRBES	11	2820	34
ITGIT	FRBES	3	1130	17
PHGES	FRBES	1	3420	46
PKBQM	FRBES	1	2320	32
BDCGP	FRDKK	10	2300	37
CNSHA	FRDKK	22	3150	42
CNTAO	FRDKK	6	3290	48
CNXMN	FRDKK	2	3500	39
CNYTN	FRDKK	29	3550	32
ESALG	FRDKK	3	2050	70
HKHKG	FRDKK	6	2750	43
IDSRG	FRDKK	3	3200	42
IDSUB	FRDKK	3	3050	31
INMAA	FRDKK	1	2200	33
INNSA	FRDKK	3	2390	28
INPAV	FRDKK	1	2210	27
JPHKT	FRDKK	1	3380	38
JPYOK	FRDKK	17	3540	37
KRPUS	FRDKK	4	3980	39
LKCMB	FRDKK	1	2310	26
MYTPP	FRDKK	6	2830	31
THLCH	FRDKK	8	2690	32
AEJEA	FRFOS	1	1630	26
BDCGP	FRFOS	7	2220	41
CNDLC	FRFOS	33	3040	46
CNFOC	FRFOS	2	3030	40
CNSHA	FRFOS	60	3090	38
CNTAO	FRFOS	23	2920	44
CNXMN	FRFOS	13	3440	43
CNYTN	FRFOS	73	3150	33
CYLMS	FRFOS	1	1090	13
EGPSD	FRFOS	2	850	10
ESALG	FRFOS	19	800	11
HKHKG	FRFOS	19	2680	37
IDJKT	FRFOS	4	2750	39
IDSRG	FRFOS	8	2830	38
IDSUB	FRFOS	6	2980	40
INCOK	FRFOS	1	2410	41
INMAA	FRFOS	2	2120	30
INNSA	FRFOS	5	2080	27
INPAV	FRFOS	2	2130	30
JPHKT	FRFOS	4	3330	52
JPSMZ	FRFOS	4	3410	46
KRPUS	FRFOS	7	3950	36
LKCMB	FRFOS	3	2220	31
MAAGA	FRFOS	3	1070	17
MYPEN	FRFOS	2	2790	26
MYPKG	FRFOS	1	2740	29
MYTPP	FRFOS	11	2760	28
PHMNL	FRFOS	4	2800	41
PKBQM	FRFOS	3	2100	24
THLCH	FRFOS	12	2630	38
TWKHH	FRFOS	4	2730	40
VNDAD	FRFOS	2	2940	36
VNHPH	FRFOS	1	2880	41
VNSGN	FRFOS	7	2660	38
AEJEA	FRLEH	2	1670	35
BDCGP	FRLEH	15	2050	36
CNDLC	FRLEH	20	3110	42
CNFOC	FRLEH	4	3100	42
CNSHA	FRLEH	111	3160	36
CNTAO	FRLEH	8	2990	38
CNXMN	FRLEH	15	3190	34
CNYTN	FRLEH	128	3230	31
CYLMS	FRLEH	1	1110	24
ESALG	FRLEH	12	1470	20
HKHKG	FRLEH	56	2740	34
IDJKT	FRLEH	6	2810	34
IDSRG	FRLEH	7	2900	36
IDSUB	FRLEH	6	3050	37
ILHFA	FRLEH	4	1120	21
INCOK	FRLEH	3	2470	36
INMAA	FRLEH	2	2170	31
INNSA	FRLEH	10	2130	32
INPAV	FRLEH	1	2180	30
JPNGO	FRLEH	5	3490	46
JPUKB	FRLEH	12	3430	41
JPYOK	FRLEH	8	3480	43
KRPUS	FRLEH	23	4040	39
KWSWK	FRLEH	1	1660	40
LKCMB	FRLEH	10	2060	28
MYPKG	FRLEH	3	2800	24
MYTPP	FRLEH	23	2820	25
PHMNL	FRLEH	1	2870	36
PKBQM	FRLEH	3	2150	34
SGSIN	FRLEH	3	2730	30
THLCH	FRLEH	20	2690	35
TRMER	FRLEH	13	1000	24
TWKHH	FRLEH	14	2800	38
VNHPH	FRLEH	3	2950	39
VNSGN	FRLEH	13	2720	35
ESALG	FRURO	3	1860	23
AEJEA	GBABD	10	1900	35
BDCGP	GBABD	2	2110	37
CNSHA	GBABD	14	3370	48
CNTAO	GBABD	2	3420	70
CNYTN	GBABD	28	3410	43
DEBRV	GBABD	5	780	13
GEPTI	GBABD	2	1250	22
HKHKG	GBABD	11	3030	44
ILHFA	GBABD	8	1340	25
INNSA	GBABD	3	2240	36
INPAV	GBABD	3	2070	34
ITGIT	GBABD	2	980	13
JPUKB	GBABD	9	3290	52
JPYOK	GBABD	1	3340	53
KRPUS	GBABD	12	4510	53
MYPKG	GBABD	2	2950	39
MYTPP	GBABD	1	4000	51
NLRTM	GBABD	6	840	9
PKBQM	GBABD	1	2210	28
SAJED	GBABD	9	1600	25
SGSIN	GBABD	3	3100	29
THLCH	GBABD	6	3130	48
TWKHH	GBABD	3	2950	50
VNSGN	GBABD	2	3100	48
AEJEA	GBFXT	39	1580	24
BDCGP	GBFXT	128	1970	37
BGVAR	GBFXT	9	1020	29
CNDLC	GBFXT	38	3030	47
CNFOC	GBFXT	9	3040	40
CNSHA	GBFXT	464	3250	36
CNTAO	GBFXT	81	2980	38
CNXMN	GBFXT	50	3100	34
CNYTN	GBFXT	675	3290	31
CYLMS	GBFXT	4	1140	16
DEBRV	GBFXT	7	600	3
EGPSD	GBFXT	82	810	10
ESALG	GBFXT	22	1970	17
ESLPA	GBFXT	3	1210	9
GRPIR	GBFXT	5	1050	20
GRSKG	GBFXT	3	1050	18
HKHKG	GBFXT	231	2910	32
IDJKT	GBFXT	47	2780	36
IDSRG	GBFXT	9	3080	36
IDSUB	GBFXT	20	2930	37
ILASH	GBFXT	17	790	12
ILHFA	GBFXT	7	1180	15
INCOK	GBFXT	10	2160	30
INMAA	GBFXT	29	2030	25
INNSA	GBFXT	71	1890	25
INPAV	GBFXT	30	1930	22
ITGIT	GBFXT	95	820	9
ITTRS	GBFXT	2	1080	15
JOAQB	GBFXT	2	1390	18
JPNGO	GBFXT	16	3160	45
JPUKB	GBFXT	4	3180	70
JPYOK	GBFXT	6	3230	41
KRPUS	GBFXT	38	3990	38
KWSWK	GBFXT	6	1660	34
LBBEY	GBFXT	1	950	20
LKCMB	GBFXT	83	1930	22
MACAS	GBFXT	7	790	70
MYPEN	GBFXT	7	2970	35
MYPKG	GBFXT	37	2830	30
MYTPP	GBFXT	137	2720	25
OMSLL	GBFXT	2	1360	18
PHGES	GBFXT	4	3320	40
PHMNL	GBFXT	9	3050	38
PKBQM	GBFXT	31	2060	26
PTLEI	GBFXT	1	1180	12
RULED	GBFXT	1	590	7
SADMM	GBFXT	11	1340	33
SAJBI	GBFXT	26	1580	34
SAJED	GBFXT	33	1440	14
SGSIN	GBFXT	14	2690	41
SYLTK	GBFXT	2	1020	22
THLCH	GBFXT	222	2710	35
TNTUN	GBFXT	6	970	16
TRAMB	GBFXT	28	840	22
TRIZM	GBFXT	75	1030	17
TRMER	GBFXT	3	1020	19
TWKHH	GBFXT	42	2830	38
VNDAD	GBFXT	3	3120	38
VNHPH	GBFXT	13	3130	39
VNSGN	GBFXT	60	2690	35
YEADE	GBFXT	1	1650	19
AEJEA	GBSOU	2	1680	45
BDCGP	GBSOU	61	2080	46
CNDLC	GBSOU	16	3170	37
CNFOC	GBSOU	3	3180	34
CNSHA	GBSOU	149	3080	34
CNTAO	GBSOU	8	3120	37
CNXMN	GBSOU	52	3250	29
CNYTN	GBSOU	278	3120	40
ESVLC	GBSOU	11	890	59
HKHKG	GBSOU	43	3040	40
IDJKT	GBSOU	5	2910	43
IDSRG	GBSOU	2	3220	27
IDSUB	GBSOU	4	3070	28
INMAA	GBSOU	1	1940	49
INNSA	GBSOU	3	2000	45
INPAV	GBSOU	1	2050	42
JPHKT	GBSOU	2	3410	35
JPNGO	GBSOU	30	3310	35
JPUKB	GBSOU	26	3330	36
JPYOK	GBSOU	55	3380	34
KRPUS	GBSOU	5	4150	35
KWSWK	GBSOU	1	1770	61
LKCMB	GBSOU	4	2040	37
MAAGA	GBSOU	2	1170	63
MYPEN	GBSOU	2	3110	42
MYPKG	GBSOU	4	2970	33
MYTPP	GBSOU	69	2850	25
PKBQM	GBSOU	2	1970	43
SADMM	GBSOU	1	1440	46
SAJBI	GBSOU	1	1690	49
SGSIN	GBSOU	29	2820	32
THLCH	GBSOU	22	2850	27
TWKHH	GBSOU	42	2960	32
VNDAD	GBSOU	3	3270	36
VNHPH	GBSOU	17	3280	31
VNSGN	GBSOU	39	2820	44
BDCGP	GBTHP	3	2130	39
LKCMB	GBTHP	1	2090	26
AEJEA	GEPTI	10	1880	27
BEANR	GEPTI	1	1100	22
CNDLC	GEPTI	7	3870	44
CNSHA	GEPTI	17	3040	37
CNTAO	GEPTI	4	3810	42
CNXMN	GEPTI	3	3210	33
CNYTN	GEPTI	15	3080	31
DEBRV	GEPTI	12	1120	25
DKAAR	GEPTI	3	1100	27
ESALG	GEPTI	4	710	19
ESBCN	GEPTI	4	730	19
FIKTK	GEPTI	3	1190	30
FRFOS	GEPTI	4	1070	16
GBFXT	GEPTI	2	1060	24
HKHKG	GEPTI	6	3020	36
INNSA	GEPTI	5	2390	30
ITGIT	GEPTI	4	710	10
ITGOA	GEPTI	13	720	21
JPUKB	GEPTI	5	3850	43
JPYOK	GEPTI	3	3900	44
KRPUS	GEPTI	8	3800	41
MYTPP	GEPTI	9	3520	51
NLRTM	GEPTI	7	1070	28
SIKOP	GEPTI	4	1070	20
THLCH	GEPTI	2	3040	37
TWKEL	GEPTI	1	3290	44
TWKHH	GEPTI	3	2860	48
UAODS	GEPTI	4	970	14
AEJEA	GRPIR	6	1730	22
BDCGP	GRPIR	2	2210	31
BEANR	GRPIR	35	980	11
CNDLC	GRPIR	2	3670	49
CNSHA	GRPIR	4	3160	39
CNYTN	GRPIR	3	2900	33
DEBRV	GRPIR	24	1000	15
DKAAR	GRPIR	3	1060	17
ESALG	GRPIR	17	590	16
ESVGO	GRPIR	1	860	19
FIKTK	GRPIR	6	1130	27
GBABD	GRPIR	16	1200	24
GBFXT	GRPIR	26	1020	17
HKHKG	GRPIR	2	3150	27
IDJKT	GRPIR	2	2850	29
INCOK	GRPIR	1	2520	50
INMAA	GRPIR	7	2330	28
INNSA	GRPIR	7	2220	28
INPAV	GRPIR	1	2220	30
ITGIT	GRPIR	2	600	7
JPHKT	GRPIR	11	3920	52
JPNGO	GRPIR	1	3810	43
JPUKB	GRPIR	6	3640	37
KRPUS	GRPIR	11	3590	31
LKCMB	GRPIR	2	2270	26
MAAGA	GRPIR	1	840	27
MYPKG	GRPIR	2	2910	29
MYTPP	GRPIR	18	2790	29
NLRTM	GRPIR	4	1050	22
PKBQM	GRPIR	11	2360	26
RULED	GRPIR	7	990	22
SEGOT	GRPIR	19	1040	19
THLCH	GRPIR	9	2860	31
TWKHH	GRPIR	14	2970	32
VNSGN	GRPIR	2	2980	29
AEJEA	GRSKG	33	1760	20
CNDLC	GRSKG	5	3740	43
CNFOC	GRSKG	2	2880	38
CNSHA	GRSKG	28	2920	36
CNTAO	GRSKG	16	3590	41
CNXMN	GRSKG	8	3010	36
CNYTN	GRSKG	12	2960	31
DEBRV	GRSKG	7	1010	23
DEHAM	GRSKG	2	990	24
DKAAR	GRSKG	4	970	26
EGPSD	GRSKG	1	570	7
ESALG	GRSKG	2	590	16
ESVGO	GRSKG	4	790	21
HKHKG	GRSKG	15	2900	33
IDJKT	GRSKG	11	2910	35
IDSUB	GRSKG	2	3240	34
ILHFA	GRSKG	2	900	18
INCOK	GRSKG	1	2570	50
INMAA	GRSKG	3	2150	30
INNSA	GRSKG	4	2270	25
INPAV	GRSKG	1	2270	27
JPNGO	GRSKG	7	3520	50
JPYOK	GRSKG	6	3680	56
KRPUS	GRSKG	13	3670	37
LKCMB	GRSKG	4	2310	28
MAAGA	GRSKG	1	850	50
MYPKG	GRSKG	3	2960	25
MYTPP	GRSKG	4	2850	31
NOAES	GRSKG	1	1390	50
NOSVG	GRSKG	2	1310	50
PHGES	GRSKG	1	3160	50
PKBQM	GRSKG	5	2180	23
SADMM	GRSKG	15	1200	29
SAJED	GRSKG	2	1170	15
SEGOT	GRSKG	2	1050	28
SYLTK	GRSKG	4	740	14
THLCH	GRSKG	11	2910	36
TRIZM	GRSKG	3	790	15
TWKHH	GRSKG	18	3030	38
VNSGN	GRSKG	1	2750	50
AEJEA	HKHKG	95	610	19
BDCGP	HKHKG	7	440	11
BEANR	HKHKG	4	910	42
BEZEE	HKHKG	9	880	38
BGVAR	HKHKG	5	1190	43
DEBRV	HKHKG	201	940	35
DEHAM	HKHKG	7	920	40
DKAAR	HKHKG	10	930	46
EGPSD	HKHKG	2	890	24
ESALG	HKHKG	100	920	27
ESBCN	HKHKG	27	920	38
ESSCT	HKHKG	2	1350	60
ESTAR	HKHKG	3	1240	38
ESVGO	HKHKG	2	1110	58
ESVLC	HKHKG	6	890	42
FIKTK	HKHKG	14	950	46
FRBES	HKHKG	8	1160	35
FRDKK	HKHKG	14	1070	36
FRFOS	HKHKG	7	950	45
FRLEH	HKHKG	9	960	29
GBABD	HKHKG	11	1170	50
GBFXT	HKHKG	149	980	44
GBSOU	HKHKG	193	1060	39
GEPTI	HKHKG	6	1180	45
GRPIR	HKHKG	10	1070	45
GRSKG	HKHKG	2	1060	32
IDJKT	HKHKG	4	330	7
IDSUB	HKHKG	1	540	10
IEDUB	HKHKG	18	1100	51
ILASH	HKHKG	6	920	28
ILHFA	HKHKG	3	1230	39
INCOK	HKHKG	5	630	16
INMAA	HKHKG	3	430	17
INNSA	HKHKG	16	450	29
INPAV	HKHKG	1	450	30
IRBND	HKHKG	14	600	24
ITGIT	HKHKG	60	920	41
ITGOA	HKHKG	20	910	56
JPHKT	HKHKG	19	920	6
JPNGO	HKHKG	16	870	10
JPUKB	HKHKG	3	890	9
JPYOK	HKHKG	7	910	8
KRPUS	HKHKG	31	670	6
KWSWK	HKHKG	1	570	38
LKCMB	HKHKG	5	460	11
MACAS	HKHKG	7	940	46
MYPEN	HKHKG	1	470	8
MYTPP	HKHKG	236	330	7
NLRTM	HKHKG	322	880	40
NOKRS	HKHKG	2	1260	34
NOSVG	HKHKG	4	1250	38
OMSLL	HKHKG	6	740	39
PHMNL	HKHKG	96	490	4
PKBQM	HKHKG	16	440	25
PKKHI	HKHKG	11	660	14
PLGDY	HKHKG	5	1210	42
PTLEI	HKHKG	7	1230	38
RULED	HKHKG	8	880	51
SADMM	HKHKG	3	780	41
SAJBI	HKHKG	3	980	21
SAJED	HKHKG	17	760	30
SEGOT	HKHKG	35	890	45
SGSIN	HKHKG	43	310	6
SIKOP	HKHKG	3	910	38
THLCH	HKHKG	123	310	7
TNTUN	HKHKG	5	1110	44
TRAMB	HKHKG	5	890	40
TRMER	HKHKG	7	1090	33
TWKEL	HKHKG	4	510	4
TWKHH	HKHKG	28	310	3
UAODS	HKHKG	1	1100	38
VNHPH	HKHKG	2	590	3
VNSGN	HKHKG	3	310	3
YEADE	HKHKG	1	890	34
AEJEA	IDJKT	5	310	18
BDCGP	IDJKT	2	290	10
CNDLC	IDJKT	3	750	14
CNSHA	IDJKT	92	530	12
CNTAO	IDJKT	45	790	12
CNXMN	IDJKT	6	420	10
CNYTN	IDJKT	5	420	10
DEBRV	IDJKT	45	870	39
DKAAR	IDJKT	4	950	43
ESALG	IDJKT	27	840	35
FIKTK	IDJKT	4	970	52
FRDKK	IDJKT	2	1100	31
FRLEH	IDJKT	11	890	27
GBSOU	IDJKT	74	790	34
GRSKG	IDJKT	1	1050	33
HKHKG	IDJKT	7	530	7
IEDUB	IDJKT	4	930	29
INMAA	IDJKT	2	280	14
INNSA	IDJKT	6	290	25
INPAV	IDJKT	13	290	26
ITGOA	IDJKT	11	920	37
JPHKT	IDJKT	18	1040	13
JPTYO	IDJKT	1	1010	14
JPUKB	IDJKT	12	1020	16
JPYOK	IDJKT	41	940	14
KRPUS	IDJKT	36	770	13
KWSWK	IDJKT	2	320	39
LKCMB	IDJKT	2	270	16
MYPEN	IDJKT	1	570	7
MYPKG	IDJKT	1	430	3
MYTPP	IDJKT	89	420	3
NLRTM	IDJKT	21	920	37
NOSVG	IDJKT	3	1160	30
OMSLL	IDJKT	4	600	22
PTLEI	IDJKT	2	1230	43
SAJED	IDJKT	11	620	26
SEGOT	IDJKT	18	910	42
SGSIN	IDJKT	37	400	3
THLCH	IDJKT	151	400	7
TNSFA	IDJKT	1	1220	29
TNTUN	IDJKT	2	1100	48
TRAMB	IDJKT	1	880	44
TWKHH	IDJKT	35	410	11
UAODS	IDJKT	2	1090	25
VNHPH	IDJKT	14	690	9
VNSGN	IDJKT	13	410	5
CNDLC	IDSRG	9	1020	17
CNSHA	IDSRG	34	810	13
CNXMN	IDSRG	7	690	12
CNYTN	IDSRG	3	630	11
ESALG	IDSRG	33	1490	36
GRPIR	IDSRG	1	1310	34
HKHKG	IDSRG	5	800	11
ITGIT	IDSRG	2	1170	25
JPNGO	IDSRG	2	1250	18
KWSWK	IDSRG	1	590	41
LKCMB	IDSRG	1	530	11
MYPEN	IDSRG	2	840	6
MYTPP	IDSRG	20	630	4
NLRTM	IDSRG	1	1200	28
OMSLL	IDSRG	1	880	23
THLCH	IDSRG	1	660	9
TRIZM	IDSRG	1	1330	31
TWKHH	IDSRG	28	690	12
VNSGN	IDSRG	3	680	6
AEJEA	IDSUB	3	550	29
CNDLC	IDSUB	3	1020	17
CNSHA	IDSUB	19	740	12
CNTAO	IDSUB	43	1060	16
CNXMN	IDSUB	4	630	10
CNYTN	IDSUB	4	630	10
DEBRV	IDSUB	5	1130	40
DEHAM	IDSUB	3	1190	45
ESALG	IDSUB	2	1940	53
GBSOU	IDSUB	7	1040	35
HKHKG	IDSUB	3	800	10
INPAV	IDSUB	2	500	27
ITGOA	IDSUB	2	1080	49
JPTYO	IDSUB	1	1270	15
JPUKB	IDSUB	1	1180	16
KRPUS	IDSUB	1	1020	14
KWSWK	IDSUB	1	530	22
MYPEN	IDSUB	1	840	5
MYPKG	IDSUB	1	630	6
MYTPP	IDSUB	56	630	3
NLRTM	IDSUB	4	1210	37
OMSLL	IDSUB	1	800	23
RULED	IDSUB	4	1110	31
SAJED	IDSUB	2	810	19
SEGOT	IDSUB	7	1170	31
SGSIN	IDSUB	51	650	3
THLCH	IDSUB	24	660	5
TRAMB	IDSUB	1	1140	29
TWKHH	IDSUB	35	620	11
VNHPH	IDSUB	4	950	10
VNSGN	IDSUB	16	680	6
AEJEA	IEDUB	8	1850	28
BDCGP	IEDUB	10	2230	45
CNDLC	IEDUB	12	3380	50
CNFOC	IEDUB	2	3270	49
CNLYG	IEDUB	2	3350	58
CNSHA	IEDUB	58	3280	45
CNTAO	IEDUB	19	3170	48
CNXMN	IEDUB	11	3300	43
CNYTN	IEDUB	95	3320	42
DEBRV	IEDUB	2	790	7
EGPSD	IEDUB	1	1000	18
ESVLC	IEDUB	3	990	20
GRSKG	IEDUB	1	1200	30
HKHKG	IEDUB	26	2940	52
IDJKT	IEDUB	3	2840	46
IDSRG	IEDUB	2	3160	45
IDSUB	IEDUB	1	3160	47
INCOK	IEDUB	1	2320	29
INMAA	IEDUB	3	2180	33
INNSA	IEDUB	7	2080	33
INPAV	IEDUB	4	2120	24
ITGIT	IEDUB	3	960	13
JPHKT	IEDUB	2	3570	36
JPSMZ	IEDUB	2	3600	38
JPUKB	IEDUB	9	3380	39
JPYOK	IEDUB	13	3360	41
KRPUS	IEDUB	4	4290	34
LKCMB	IEDUB	8	2170	23
MYPKG	IEDUB	4	2960	27
MYTPP	IEDUB	6	2980	26
NLRTM	IEDUB	14	770	3
PKBQM	IEDUB	3	2160	35
SGSIN	IEDUB	4	3040	33
THLCH	IEDUB	15	3110	28
TRAMB	IEDUB	4	1040	18
TRIZM	IEDUB	2	1220	25
TWKHH	IEDUB	3	2930	47
VNHPH	IEDUB	5	3360	48
VNSGN	IEDUB	9	2880	45
BGVAR	ILASH	2	620	27
CNDLC	ILASH	15	3330	44
CNFOC	ILASH	11	2830	40
CNSHA	ILASH	59	2840	35
CNTAO	ILASH	12	3460	43
CNXMN	ILASH	35	2860	32
CNYTN	ILASH	88	2880	70
DEBRV	ILASH	20	830	20
DEHAM	ILASH	2	860	28
DKAAR	ILASH	2	780	20
EGALY	ILASH	2	410	8
ESALG	ILASH	7	400	12
FRBES	ILASH	2	1080	24
GRSKG	ILASH	2	620	13
HKHKG	ILASH	91	2830	34
IDJKT	ILASH	3	2640	35
IDSRG	ILASH	2	2960	26
IDSUB	ILASH	4	2950	36
INCOK	ILASH	1	2300	39
INMAA	ILASH	4	2160	34
INNSA	ILASH	14	2060	25
INPAV	ILASH	2	2110	27
ITGIT	ILASH	3	400	7
JPNGO	ILASH	4	3580	50
JPYOK	ILASH	8	3470	41
KRPUS	ILASH	31	3530	38
LKCMB	ILASH	3	2150	31
MYPEN	ILASH	2	2760	26
MYPKG	ILASH	2	2750	23
MYTPP	ILASH	15	2770	24
NLRTM	ILASH	18	810	21
OMSLL	ILASH	1	960	30
PHGES	ILASH	1	3050	37
PHMNL	ILASH	2	2860	38
PLGDY	ILASH	23	1020	29
RULED	ILASH	2	800	28
SEGOT	ILASH	3	850	25
SGSIN	ILASH	3	2820	32
THLCH	ILASH	41	2620	28
TRAMB	ILASH	1	400	22
TRIZM	ILASH	1	650	12
TWKHH	ILASH	16	2720	36
UAODS	ILASH	7	650	19
VNHPH	ILASH	2	3150	30
VNSGN	ILASH	13	2670	34
AEJEA	ILHFA	1	1990	21
BEZEE	ILHFA	2	1140	70
BGVAR	ILHFA	5	970	12
CNDLC	ILHFA	2	3750	33
CNSHA	ILHFA	17	3270	27
CNTAO	ILHFA	1	3890	46
CNXMN	ILHFA	5	3290	29
CNYTN	ILHFA	7	3300	36
DEBRV	ILHFA	14	1210	17
DEHAM	ILHFA	4	1130	25
ESALG	ILHFA	7	760	23
GBABD	ILHFA	3	1410	18
GBFXT	ILHFA	9	1130	21
GRSKG	ILHFA	4	900	19
HKHKG	ILHFA	12	3250	38
INMAA	ILHFA	2	2330	27
INNSA	ILHFA	4	2460	30
JPNGO	ILHFA	8	3640	52
JPYOK	ILHFA	3	3900	48
KRPUS	ILHFA	11	3970	29
LKCMB	ILHFA	1	2320	17
MYTPP	ILHFA	11	3620	37
NLRTM	ILHFA	12	1180	19
PTLEI	ILHFA	1	1130	19
RULED	ILHFA	4	1130	25
THLCH	ILHFA	19	3020	25
TRAMB	ILHFA	13	750	14
TWKHH	ILHFA	13	3140	43
UAODS	ILHFA	2	1020	25
AEJEA	INCOK	7	650	22
BEZEE	INCOK	3	1660	41
CNDLC	INCOK	2	1530	38
CNSHA	INCOK	12	1420	27
CNTAO	INCOK	1	1580	35
CNXMN	INCOK	1	1470	50
CNYTN	INCOK	6	1480	50
DEBRV	INCOK	3	1590	41
DEHAM	INCOK	1	1640	50
EGALY	INCOK	1	1630	22
EGPSD	INCOK	2	1630	18
ESALG	INCOK	62	2170	53
FIRAU	INCOK	3	1940	52
FRFOS	INCOK	1	1570	50
FRLEH	INCOK	1	1630	50
GBABD	INCOK	1	1880	50
GBFXT	INCOK	3	1750	43
GRPIR	INCOK	13	1800	32
HKHKG	INCOK	4	1660	25
IDSUB	INCOK	2	1550	50
ILHFA	INCOK	1	1940	40
ITGIT	INCOK	1	1600	24
KRPUS	INCOK	7	1670	31
KWSWK	INCOK	2	660	33
LKCMB	INCOK	2	610	9
MYTPP	INCOK	2	1330	16
NLRTM	INCOK	7	1710	40
PLGDY	INCOK	1	1870	50
RULED	INCOK	16	1580	49
SADMM	INCOK	3	770	27
THLCH	INCOK	4	1290	27
TWKHH	INCOK	1	1210	50
VNHPH	INCOK	2	1530	50
YEADE	INCOK	3	970	21
AEJEA	INMAA	42	460	19
BEANR	INMAA	14	1450	33
BEZEE	INMAA	24	1480	32
BGVAR	INMAA	18	1620	27
CNDLC	INMAA	23	1350	23
CNSHA	INMAA	31	1250	16
CNTAO	INMAA	30	1270	21
CNXMN	INMAA	17	1300	15
CNYTN	INMAA	34	1310	12
DEBRV	INMAA	73	1420	31
DEHAM	INMAA	3	1460	32
DKAAR	INMAA	1	1410	42
DZALG	INMAA	1	1540	28
EGALY	INMAA	1	1440	22
ESALG	INMAA	86	1420	22
ESBCN	INMAA	1	1430	29
ESVLC	INMAA	1	1410	31
FIKTK	INMAA	1	1510	43
FIRAU	INMAA	10	1780	32
FRDKK	INMAA	1	1510	33
FRFOS	INMAA	2	1400	26
FRLEH	INMAA	9	1450	30
GBABD	INMAA	1	1720	41
GBFXT	INMAA	30	1580	34
GEPTI	INMAA	4	1680	27
GRSKG	INMAA	9	1540	30
HKHKG	INMAA	27	1330	19
IDJKT	INMAA	1	1060	24
IDSUB	INMAA	1	1370	17
IEDUB	INMAA	3	1760	36
ILASH	INMAA	5	1420	18
ILHFA	INMAA	3	1770	20
IRBND	INMAA	4	510	32
ITGIT	INMAA	11	1420	21
ITGOA	INMAA	3	1370	25
ITTRS	INMAA	2	1670	25
JOAQB	INMAA	2	600	19
JPHKT	INMAA	1	2310	22
JPNGO	INMAA	3	2100	27
JPUKB	INMAA	3	2160	22
JPYOK	INMAA	4	2250	25
KRPUS	INMAA	43	1500	20
KWSWK	INMAA	15	470	28
LKCMB	INMAA	6	410	8
MACAS	INMAA	2	1320	30
MYTPP	INMAA	5	1030	6
NLRTM	INMAA	91	1380	31
NOSVG	INMAA	6	1700	40
OMSLL	INMAA	12	590	9
PKKHI	INMAA	7	640	25
PLGDY	INMAA	1	1700	36
RUKGD	INMAA	4	1590	38
RULED	INMAA	20	1370	36
SADMM	INMAA	7	580	26
SAJED	INMAA	14	580	21
SEGOT	INMAA	7	1380	40
SGSIN	INMAA	4	1030	11
SIKOP	INMAA	4	1460	27
THLCH	INMAA	68	1100	16
TNTUN	INMAA	1	1510	36
TRAMB	INMAA	2	1400	27
TRIZM	INMAA	5	1520	23
TRMER	INMAA	2	1480	25
TWKHH	INMAA	21	1040	19
UAODS	INMAA	4	1690	26
VNHPH	INMAA	1	1350	17
VNSGN	INMAA	1	1080	14
YEADE	INMAA	4	780	23
AEJEA	INNSA	94	470	10
BEANR	INNSA	29	1490	35
BEZEE	INNSA	44	1370	34
BGVAR	INNSA	13	1660	39
CNDLC	INNSA	24	1380	29
CNSHA	INNSA	113	1280	21
CNTAO	INNSA	16	1300	28
CNXMN	INNSA	12	1340	17
CNYTN	INNSA	71	1340	16
CYLMS	INNSA	1	1590	31
DEBRV	INNSA	232	1450	31
DEHAM	INNSA	7	1490	33
DKAAR	INNSA	4	1440	35
DZBJA	INNSA	1	1790	45
DZORN	INNSA	1	1790	32
EGALY	INNSA	1	1340	24
EGPSD	INNSA	1	1310	25
ESALG	INNSA	121	1310	25
ESBCN	INNSA	11	1320	70
ESVGO	INNSA	1	1610	44
ESVLC	INNSA	3	1440	40
FIRAU	INNSA	11	1820	42
FRFOS	INNSA	8	1440	35
FRLEH	INNSA	2	1490	33
GBABD	INNSA	9	1760	37
GBFXT	INNSA	101	1620	31
GBSOU	INNSA	3	1620	30
GEPTI	INNSA	3	1720	36
GRPIR	INNSA	5	1630	35
GRSKG	INNSA	7	1580	33
HKHKG	INNSA	37	1370	19
IDJKT	INNSA	7	1090	22
IEDUB	INNSA	10	1800	38
ILASH	INNSA	4	1320	27
ILHFA	INNSA	4	1640	30
IRBND	INNSA	4	520	31
ITGIT	INNSA	22	1310	28
ITGOA	INNSA	11	1400	25
ITSAL	INNSA	5	1470	32
ITTRS	INNSA	1	1710	34
JOAQB	INNSA	8	610	15
JPHKT	INNSA	3	2140	70
JPNGO	INNSA	10	2150	35
JPUKB	INNSA	11	2210	27
JPYOK	INNSA	11	2080	28
KRPUS	INNSA	314	1540	23
KWSWK	INNSA	45	480	17
LBBEY	INNSA	6	1470	26
LKCMB	INNSA	5	420	18
MACAS	INNSA	6	1350	40
MYPKG	INNSA	1	1110	19
MYTPP	INNSA	32	1060	10
NLRTM	INNSA	69	1420	28
NOBGO	INNSA	2	1830	36
NOKRS	INNSA	2	1800	33
NOSVG	INNSA	3	1740	40
OMSLL	INNSA	2	610	11
PHMNL	INNSA	1	1260	23
PKKHI	INNSA	8	660	22
PLGDY	INNSA	3	1740	35
PTLEI	INNSA	1	1650	42
RUKGD	INNSA	2	1630	35
RULED	INNSA	40	1370	39
SADMM	INNSA	22	600	17
SAJED	INNSA	42	590	14
SEGOT	INNSA	10	1410	33
SGSIN	INNSA	14	1050	19
SIKOP	INNSA	5	1490	37
SYLTK	INNSA	4	1520	27
THLCH	INNSA	14	1020	21
TNTUN	INNSA	9	1540	36
TRIZM	INNSA	4	1560	32
TRMER	INNSA	5	1520	25
TWKHH	INNSA	14	1060	23
UAODS	INNSA	18	1570	36
YEADE	INNSA	3	800	23
BEANR	INPAV	11	1380	33
BEZEE	INPAV	10	1400	37
DEBRV	INPAV	23	1480	34
DEHAM	INPAV	2	1380	36
ESALG	INPAV	12	2060	40
FIRAU	INPAV	2	1860	45
GBABD	INPAV	2	1800	40
GBFXT	INPAV	71	1500	34
GBSOU	INPAV	2	1660	32
GRPIR	INPAV	3	1500	32
IEDUB	INPAV	6	1670	32
ITGIT	INPAV	2	1350	23
ITGOA	INPAV	2	1430	36
JOAQB	INPAV	3	560	18
NLRTM	INPAV	18	1450	31
NOSVG	INPAV	1	1780	43
PLGDY	INPAV	7	1610	36
RULED	INPAV	7	1390	43
SADMM	INPAV	3	610	10
SAJED	INPAV	1	610	24
SEGOT	INPAV	1	1440	36
SIKOP	INPAV	2	1380	34
AEJEA	IRBND	29	470	6
BEZEE	IRBND	5	1070	37
CNDLC	IRBND	28	1140	43
CNSHA	IRBND	10	1110	38
CNTAO	IRBND	9	1190	40
CNXMN	IRBND	2	1250	19
CNYTN	IRBND	4	1260	34
DEBRV	IRBND	12	1020	36
DEHAM	IRBND	1	1050	41
EGPSD	IRBND	23	980	25
ESALG	IRBND	11	980	28
ESBCN	IRBND	1	990	39
ESVGO	IRBND	1	1270	44
ESVLC	IRBND	1	980	40
GBFXT	IRBND	2	930	41
GRPIR	IRBND	1	1180	35
GRSKG	IRBND	1	1230	33
HKHKG	IRBND	99	1260	20
IEDUB	IRBND	11	1110	50
INMAA	IRBND	4	350	27
INNSA	IRBND	14	360	11
INPAV	IRBND	7	360	16
ITGIT	IRBND	13	1010	18
ITGOA	IRBND	9	970	34
KRPUS	IRBND	59	1450	44
LBBEY	IRBND	5	1140	21
LKCMB	IRBND	2	330	25
MYTPP	IRBND	18	1120	14
NLRTM	IRBND	13	1100	39
PHGES	IRBND	4	1510	42
PKBQM	IRBND	2	360	15
PKKHI	IRBND	7	550	22
PTLEI	IRBND	1	1320	42
SADMM	IRBND	7	610	17
SAJED	IRBND	1	610	70
SEGOT	IRBND	6	1090	42
SGSIN	IRBND	3	1120	30
SIKOP	IRBND	10	1050	38
THLCH	IRBND	10	1090	37
TRAMB	IRBND	1	1050	22
TRMER	IRBND	5	1180	20
UAODS	IRBND	3	1240	36
AEJEA	ITGIT	43	1500	14
BDCGP	ITGIT	17	2000	23
BEANR	ITGIT	7	800	9
BEZEE	ITGIT	3	840	13
BGVAR	ITGIT	3	610	10
CNDLC	ITGIT	40	3460	39
CNFOC	ITGIT	5	2900	42
CNSHA	ITGIT	145	2950	40
CNTAO	ITGIT	62	3590	45
CNXMN	ITGIT	26	2690	36
CNYTN	ITGIT	122	2700	34
CYLMS	ITGIT	2	680	10
DEBRV	ITGIT	10	800	12
DKAAR	ITGIT	2	840	14
EGALY	ITGIT	5	400	15
EGPSD	ITGIT	7	410	10
ESALG	ITGIT	51	410	6
ESLPA	ITGIT	5	840	9
GBSOU	ITGIT	8	930	16
GEPTI	ITGIT	2	670	9
HKHKG	ITGIT	45	2940	38
IDJKT	ITGIT	10	2820	30
IDSRG	ITGIT	7	3030	24
IDSUB	ITGIT	5	2860	25
IEDUB	ITGIT	13	1010	16
ILASH	ITGIT	4	400	11
ILHFA	ITGIT	3	730	12
INCOK	ITGIT	12	2360	50
INMAA	ITGIT	28	2100	21
INNSA	ITGIT	61	2000	20
INPAV	ITGIT	9	1990	18
IRBND	ITGIT	1	1660	26
JOAQB	ITGIT	12	960	9
JPHKT	ITGIT	16	3500	70
JPNGO	ITGIT	6	3550	32
JPSMZ	ITGIT	8	3710	47
JPUKB	ITGIT	8	3310	35
JPYOK	ITGIT	28	3440	35
KRPUS	ITGIT	21	3320	44
LKCMB	ITGIT	25	2020	19
MAAGA	ITGIT	3	680	15
MYPEN	ITGIT	7	2820	23
MYPKG	ITGIT	14	2600	22
MYTPP	ITGIT	17	2810	22
NLRTM	ITGIT	12	780	14
PHMNL	ITGIT	5	2990	42
PKBQM	ITGIT	26	1980	18
PTLEI	ITGIT	4	750	11
RULED	ITGIT	7	780	18
SADMM	ITGIT	1	970	25
SAJED	ITGIT	7	960	8
SEGOT	ITGIT	3	780	17
SGSIN	ITGIT	6	2800	29
SIKOP	ITGIT	5	820	3
THLCH	ITGIT	56	2720	24
TNTUN	ITGIT	2	590	3
TRIZM	ITGIT	3	630	7
TRMER	ITGIT	3	590	15
TWKHH	ITGIT	32	2760	30
VNHPH	ITGIT	2	3050	28
VNSGN	ITGIT	27	2800	39
YEADE	ITGIT	1	1230	14
AEJEA	ITGOA	27	1530	23
BDCGP	ITGOA	13	2050	35
CNDLC	ITGOA	19	3540	38
CNFOC	ITGOA	9	2680	37
CNSHA	ITGOA	55	2730	35
CNTAO	ITGOA	25	3670	40
CNXMN	ITGOA	28	2750	31
CNYTN	ITGOA	51	2770	29
EGPSD	ITGOA	2	420	6
ESALG	ITGOA	62	420	3
ESLPA	ITGOA	3	780	12
HKHKG	ITGOA	30	3010	30
IDJKT	ITGOA	8	2620	35
IDSRG	ITGOA	2	3090	34
IDSUB	ITGOA	3	2930	36
IEDUB	ITGOA	6	1030	19
INCOK	ITGOA	5	2180	37
INMAA	ITGOA	10	2140	30
INNSA	ITGOA	14	2040	23
INPAV	ITGOA	1	2040	37
ITGIT	ITGOA	5	420	4
JOAQB	ITGOA	1	990	10
JPHKT	ITGOA	2	3580	48
JPNGO	ITGOA	5	3630	46
JPSMZ	ITGOA	2	3440	42
JPUKB	ITGOA	5	3390	41
JPYOK	ITGOA	17	3520	42
KRPUS	ITGOA	3	3400	39
KWSWK	ITGOA	2	1640	31
LKCMB	ITGOA	11	2070	27
MAAGA	ITGOA	2	690	14
MACAS	ITGOA	6	410	17
MYPKG	ITGOA	7	2660	25
MYTPP	ITGOA	24	2600	24
OMSLL	ITGOA	1	930	15
PHMNL	ITGOA	2	2770	39
PKBQM	ITGOA	17	2030	21
RULED	ITGOA	7	780	27
SADMM	ITGOA	12	990	32
SAJED	ITGOA	1	980	14
SGSIN	ITGOA	5	2590	30
SYLTK	ITGOA	2	580	11
THLCH	ITGOA	52	2780	29
TNTUN	ITGOA	4	610	11
TRMER	ITGOA	7	540	14
TWKHH	ITGOA	22	2830	37
VNSGN	ITGOA	9	2590	34
YEADE	ITGOA	1	1140	18
AEJEA	ITSAL	1	1690	23
BDCGP	ITSAL	1	2210	38
CNDLC	ITSAL	13	3750	49
CNFOC	ITSAL	4	2860	41
CNSHA	ITSAL	23	2920	41
CNTAO	ITSAL	3	3520	44
CNXMN	ITSAL	10	2940	41
CNYTN	ITSAL	20	2950	30
ESALG	ITSAL	7	2060	16
ESBCN	ITSAL	15	530	10
ESTAR	ITSAL	21	870	9
HKHKG	ITSAL	2	2900	31
IDJKT	ITSAL	2	2790	41
INCOK	ITSAL	1	2350	50
INMAA	ITSAL	1	2100	37
INNSA	ITSAL	2	2210	29
JOAQB	ITSAL	1	1130	50
JPUKB	ITSAL	14	3580	47
LKCMB	ITSAL	1	2230	25
MYPKG	ITSAL	1	2850	32
MYTPP	ITSAL	1	2780	28
NLRTM	ITSAL	3	910	12
PKBQM	ITSAL	3	2190	27
SGSIN	ITSAL	1	2770	36
THLCH	ITSAL	1	2690	33
TWKHH	ITSAL	5	2730	39
UAODS	ITSAL	5	780	50
VNSGN	ITSAL	1	2770	38
YEADE	ITSAL	2	1280	21
AEJEA	ITTRS	2	1890	25
BDCGP	ITTRS	9	2430	46
CNDLC	ITTRS	4	3630	52
CNFOC	ITTRS	1	3090	48
CNSHA	ITTRS	8	3150	46
CNTAO	ITTRS	7	3770	52
CNXMN	ITTRS	6	3170	45
CNYTN	ITTRS	10	3190	41
ESALG	ITTRS	12	720	8
HKHKG	ITTRS	10	3130	42
INCOK	ITTRS	4	2570	49
INMAA	ITTRS	2	2310	27
INNSA	ITTRS	1	2430	31
JPUKB	ITTRS	3	3830	52
JPYOK	ITTRS	3	3890	53
KRPUS	ITTRS	1	3760	46
LKCMB	ITTRS	2	2460	20
MYPKG	ITTRS	2	3080	21
MYTPP	ITTRS	3	3010	22
PKBQM	ITTRS	8	2410	30
THLCH	ITTRS	5	2910	46
TWKHH	ITTRS	1	2960	47
VNSGN	ITTRS	9	3000	45
AEJEA	JOAQB	41	720	17
BDCGP	JOAQB	2	660	17
BEANR	JOAQB	27	1180	18
BEZEE	JOAQB	2	1230	17
CNDLC	JOAQB	6	2140	39
CNFOC	JOAQB	8	1810	34
CNSHA	JOAQB	68	1850	32
CNTAO	JOAQB	8	2220	37
CNXMN	JOAQB	9	1670	25
CNYTN	JOAQB	57	1520	26
DEBRV	JOAQB	13	1180	15
DEHAM	JOAQB	5	1190	17
DKAAR	JOAQB	3	1230	19
EGALY	JOAQB	1	850	6
EGPSD	JOAQB	1	880	3
ESALG	JOAQB	6	810	11
ESBCN	JOAQB	4	860	21
ESVGO	JOAQB	3	1120	25
ESVLC	JOAQB	16	830	23
FIRAU	JOAQB	3	1480	18
FRLEH	JOAQB	3	1130	18
GBABD	JOAQB	1	1310	22
GBFXT	JOAQB	12	1190	16
GBSOU	JOAQB	1	1210	19
HKHKG	JOAQB	28	1400	30
IEDUB	JOAQB	3	1300	23
INMAA	JOAQB	5	690	24
INNSA	JOAQB	23	660	16
INPAV	JOAQB	2	690	14
ITGIT	JOAQB	9	880	19
ITGOA	JOAQB	2	830	8
ITTRS	JOAQB	4	1070	17
JPHKT	JOAQB	4	2600	45
JPNGO	JOAQB	3	2370	43
JPUKB	JOAQB	1	2550	38
KRPUS	JOAQB	53	1860	36
MAPTM	JOAQB	7	860	16
MYPKG	JOAQB	2	1010	22
MYTPP	JOAQB	19	1090	21
NLRTM	JOAQB	15	1180	12
OMSLL	JOAQB	10	400	29
PKBQM	JOAQB	7	720	18
PLGDY	JOAQB	4	1390	20
PTLEI	JOAQB	2	1210	21
SAJED	JOAQB	3	420	16
SEGOT	JOAQB	2	1150	18
SGSIN	JOAQB	2	1060	25
SIKOP	JOAQB	3	1210	19
THLCH	JOAQB	13	1060	32
TNTUN	JOAQB	1	980	19
TRIZM	JOAQB	7	1080	14
TWKHH	JOAQB	6	1070	34
UAODS	JOAQB	1	1120	19
VNSGN	JOAQB	1	1090	31
DEBRV	JPHKT	16	1610	42
DKAAR	JPHKT	4	1520	46
ESALG	JPHKT	5	1580	39
FIKTK	JPHKT	3	1680	55
INMAA	JPHKT	5	1590	29
ITGOA	JPHKT	2	1610	54
ITSAL	JPHKT	2	1720	50
LKCMB	JPHKT	4	1500	28
MYTPP	JPHKT	48	1680	22
NLRTM	JPHKT	7	1610	40
NOBGO	JPHKT	2	2000	46
PTLEI	JPHKT	2	1850	49
SEGOT	JPHKT	3	1560	70
SGSIN	JPHKT	2	1420	11
THLCH	JPHKT	4	1410	13
BDCGP	JPNGO	4	1460	18
BGVAR	JPNGO	1	1730	61
DEBRV	JPNGO	28	1580	41
DEHAM	JPNGO	6	1560	47
EGPSD	JPNGO	1	1490	32
ESALG	JPNGO	7	1560	44
ESVLC	JPNGO	2	1560	45
FIKTK	JPNGO	7	1660	54
FIRAU	JPNGO	10	1840	38
FRLEH	JPNGO	3	1480	44
GBFXT	JPNGO	3	1490	44
GBSOU	JPNGO	1	1500	44
HKHKG	JPNGO	20	1550	7
IDSRG	JPNGO	2	1520	14
INCOK	JPNGO	2	1740	24
ITGIT	JPNGO	8	1490	50
LKCMB	JPNGO	6	1480	34
MAAGA	JPNGO	9	1730	49
MACAS	JPNGO	2	1580	58
MYTPP	JPNGO	81	1260	11
NLRTM	JPNGO	86	1580	39
NOAES	JPNGO	2	1940	41
RULED	JPNGO	15	1440	39
SEGOT	JPNGO	23	1540	44
SGSIN	JPNGO	8	1250	11
THLCH	JPNGO	69	1370	13
TRAMB	JPNGO	5	1480	57
TWKHH	JPNGO	1	1370	10
FRFOS	JPOSA	5	1790	50
MYTPP	JPOSA	50	1930	15
VNDAD	JPOSA	1	2000	20
DEBRV	JPSMZ	1	1550	36
ESALG	JPSMZ	2	1690	41
ESBCN	JPSMZ	2	1560	50
IDJKT	JPSMZ	3	1430	15
IDSUB	JPSMZ	2	1680	15
KRPUS	JPSMZ	12	940	5
MYTPP	JPSMZ	1	1910	28
NLRTM	JPSMZ	4	1550	41
SEGOT	JPSMZ	2	1670	37
THLCH	JPSMZ	5	1360	14
TRAMB	JPSMZ	2	1610	38
VNDAD	JPSMZ	1	1890	16
BDCGP	JPTYO	6	1560	19
CNDLC	JPTYO	12	580	12
CNSHA	JPTYO	9	1100	11
CNYTN	JPTYO	4	1280	9
ESALG	JPTYO	9	1540	45
ESBCN	JPTYO	4	1570	50
ESLPA	JPTYO	1	1970	44
ESVLC	JPTYO	2	1670	45
HKHKG	JPTYO	16	1500	7
IDSUB	JPTYO	1	1690	17
ITGIT	JPTYO	1	1590	45
ITGOA	JPTYO	2	1660	47
ITSAL	JPTYO	1	1770	47
KRPUS	JPTYO	2	940	13
MYTPP	JPTYO	26	1350	14
PHGES	JPTYO	2	1830	14
PTLEI	JPTYO	4	1900	53
SGSIN	JPTYO	4	1350	14
THLCH	JPTYO	4	1370	12
TWKHH	JPTYO	1	1330	10
UAODS	JPTYO	6	1780	36
AEJEA	JPUKB	2	1680	35
BGVAR	JPUKB	6	1770	47
DEBRV	JPUKB	137	1500	40
DEHAM	JPUKB	15	1440	45
DKAAR	JPUKB	64	1500	44
ESALG	JPUKB	13	1510	41
ESLPA	JPUKB	1	1950	45
FIKTK	JPUKB	21	1540	52
FIRAU	JPUKB	15	1880	52
FRBES	JPUKB	1	1810	38
FRFOS	JPUKB	11	1580	45
FRLEH	JPUKB	8	1510	42
GBFXT	JPUKB	5	1380	43
GRSKG	JPUKB	1	1640	42
HKHKG	JPUKB	7	1470	7
IDJKT	JPUKB	12	1360	14
IDSUB	JPUKB	4	1500	14
IEDUB	JPUKB	4	1590	36
ILASH	JPUKB	3	1540	36
INCOK	JPUKB	5	1780	40
INPAV	JPUKB	1	1540	41
ITGIT	JPUKB	14	1560	41
ITGOA	JPUKB	3	1470	51
ITSAL	JPUKB	1	1740	48
LKCMB	JPUKB	11	1510	17
MYPEN	JPUKB	1	1490	12
MYTPP	JPUKB	71	1320	11
NLRTM	JPUKB	76	1500	37
NOAES	JPUKB	1	1800	40
NOBGO	JPUKB	13	1800	40
PHGES	JPUKB	1	1630	13
PKKHI	JPUKB	3	1700	21
PTLEI	JPUKB	5	1870	50
SEGOT	JPUKB	57	1450	42
SGSIN	JPUKB	29	1310	11
THLCH	JPUKB	272	1330	12
UAODS	JPUKB	6	1750	56
VNSGN	JPUKB	4	1250	9
AEJEA	JPYOK	2	1720	34
BGVAR	JPYOK	3	1810	54
CNTAO	JPYOK	3	530	10
CNYTN	JPYOK	9	1240	7
DEBRV	JPYOK	162	1530	43
DEHAM	JPYOK	9	1470	52
DKAAR	JPYOK	87	1530	47
ESALG	JPYOK	32	1550	31
ESLPA	JPYOK	5	2000	54
ESVLC	JPYOK	4	1480	52
FIKTK	JPYOK	66	1570	56
FRFOS	JPYOK	28	1460	47
FRLEH	JPYOK	12	1550	47
GBABD	JPYOK	4	1600	51
GBFXT	JPYOK	2	1410	46
GBSOU	JPYOK	4	1530	45
GEPTI	JPYOK	2	1790	42
HKHKG	JPYOK	18	1510	7
IDJKT	JPYOK	6	1260	15
IDSRG	JPYOK	1	1560	16
IDSUB	JPYOK	4	1540	17
IEDUB	JPYOK	10	1620	51
ILASH	JPYOK	1	1580	39
ILHFA	JPYOK	3	1880	36
INMAA	JPYOK	2	1560	33
INNSA	JPYOK	1	1460	36
INPAV	JPYOK	1	1420	32
ITGIT	JPYOK	15	1600	43
ITGOA	JPYOK	6	1500	39
ITSAL	JPYOK	3	1610	51
KRPUS	JPYOK	4	890	7
LKCMB	JPYOK	19	1540	28
MACAS	JPYOK	2	1610	51
MYPKG	JPYOK	3	1290	14
MYTPP	JPYOK	214	1350	13
NLRTM	JPYOK	181	1530	41
NOAES	JPYOK	25	1840	42
NOBGO	JPYOK	6	1840	42
OMSLL	JPYOK	1	3480	39
PHGES	JPYOK	5	1670	15
PLGDY	JPYOK	2	1760	42
PTLEI	JPYOK	2	1920	50
RULED	JPYOK	8	1430	40
SADMM	JPYOK	5	3590	25
SAJED	JPYOK	1	3650	37
SEGOT	JPYOK	55	1490	46
SGSIN	JPYOK	44	1340	12
THLCH	JPYOK	100	1360	12
TNSFA	JPYOK	1	1940	38
TRIZM	JPYOK	5	1840	42
TWKHH	JPYOK	6	1300	10
VNSGN	JPYOK	3	1280	10
AEJEA	KRPUS	5	930	23
BEANR	KRPUS	2	1020	38
BEZEE	KRPUS	3	1060	39
BGVAR	KRPUS	5	1230	53
CNDLC	KRPUS	9	420	5
CNSHA	KRPUS	3	460	4
CNYTN	KRPUS	10	620	6
DEBRV	KRPUS	138	1030	37
DEHAM	KRPUS	17	1100	35
DKAAR	KRPUS	41	1030	43
ESALG	KRPUS	29	980	37
ESBCN	KRPUS	17	1060	52
ESVLC	KRPUS	6	1040	31
FIKTK	KRPUS	20	1190	41
FRBES	KRPUS	2	1400	35
FRDKK	KRPUS	3	1190	45
FRFOS	KRPUS	1	1060	46
FRLEH	KRPUS	8	1040	39
GBABD	KRPUS	16	1630	48
GBFXT	KRPUS	48	1430	40
GBSOU	KRPUS	4	1410	37
GRPIR	KRPUS	2	1230	42
GRSKG	KRPUS	2	1190	44
HKHKG	KRPUS	50	210	7
IDSRG	KRPUS	2	730	11
IEDUB	KRPUS	2	1620	33
ILASH	KRPUS	4	1010	38
ILHFA	KRPUS	6	1440	41
INCOK	KRPUS	2	750	19
INNSA	KRPUS	3	560	28
INPAV	KRPUS	5	550	44
ITGIT	KRPUS	14	1020	42
ITGOA	KRPUS	8	1060	45
JPNGO	KRPUS	5	770	5
JPOSA	KRPUS	2	1010	4
JPUKB	KRPUS	34	750	5
JPYOK	KRPUS	20	750	5
KWSWK	KRPUS	4	890	47
LKCMB	KRPUS	11	540	13
MACAS	KRPUS	3	1010	46
MYPEN	KRPUS	7	600	10
MYTPP	KRPUS	148	450	9
NLRTM	KRPUS	259	1030	38
NOAES	KRPUS	1	1450	37
NOBGO	KRPUS	17	1450	38
NOKRS	KRPUS	2	1470	35
OMSLL	KRPUS	2	500	23
PHGES	KRPUS	2	850	14
PKKHI	KRPUS	1	800	18
PLGDY	KRPUS	2	1250	37
PTLEI	KRPUS	2	1330	49
RULED	KRPUS	3	1030	49
SAJED	KRPUS	5	470	28
SEGOT	KRPUS	22	1110	43
SGSIN	KRPUS	42	450	11
SIKOP	KRPUS	3	1040	49
THLCH	KRPUS	22	450	12
TNTUN	KRPUS	5	1190	56
TRAMB	KRPUS	2	1070	50
TRMER	KRPUS	5	1200	36
TWKHH	KRPUS	10	480	10
UAODS	KRPUS	4	1320	50
AEJEA	KWSWK	62	390	9
BEANR	KWSWK	4	990	36
BEZEE	KWSWK	3	1030	31
CNDLC	KWSWK	11	1100	32
CNFOC	KWSWK	4	1000	40
CNSHA	KWSWK	20	1070	26
CNTAO	KWSWK	6	1120	28
CNXMN	KWSWK	11	1150	23
CNYTN	KWSWK	10	1120	36
DEBRV	KWSWK	16	1000	38
DKAAR	KWSWK	5	1000	42
EGALY	KWSWK	1	920	31
EGPSD	KWSWK	8	970	24
ESALG	KWSWK	1	930	31
FIRAU	KWSWK	2	1420	32
FRFOS	KWSWK	1	1030	25
FRLEH	KWSWK	4	1010	41
GBFXT	KWSWK	21	850	31
HKHKG	KWSWK	17	1180	24
IDJKT	KWSWK	2	1060	21
INCOK	KWSWK	8	520	29
INNSA	KWSWK	13	320	17
INPAV	KWSWK	13	310	20
ITGIT	KWSWK	3	960	30
JPNGO	KWSWK	3	2280	32
JPYOK	KWSWK	9	2210	43
KRPUS	KWSWK	4	1410	43
LBBEY	KWSWK	5	1140	34
LKCMB	KWSWK	9	300	24
MYPKG	KWSWK	8	1080	17
MYTPP	KWSWK	19	1050	18
NLRTM	KWSWK	70	1000	35
PLGDY	KWSWK	2	1220	35
SGSIN	KWSWK	2	1050	21
THLCH	KWSWK	10	1060	36
TRAMB	KWSWK	1	920	26
TRIZM	KWSWK	1	1170	31
TRMER	KWSWK	3	1150	32
TWKHH	KWSWK	1	1010	38
AEJEA	LBBEY	32	1680	18
BEZEE	LBBEY	2	990	19
CNDLC	LBBEY	3	3630	42
CNSHA	LBBEY	10	2830	35
CNTAO	LBBEY	11	3680	40
CNXMN	LBBEY	4	3000	34
CNYTN	LBBEY	11	2930	29
DEBRV	LBBEY	16	970	21
DEHAM	LBBEY	3	1000	21
DKAAR	LBBEY	1	970	25
EGALY	LBBEY	9	540	5
EGPSD	LBBEY	16	570	5
ESALG	LBBEY	5	550	11
FRLEH	LBBEY	1	980	19
GBFXT	LBBEY	5	930	21
GRSKG	LBBEY	3	740	13
HKHKG	LBBEY	10	3010	31
IDJKT	LBBEY	6	2930	33
INMAA	LBBEY	3	2200	33
INNSA	LBBEY	7	2150	24
JPHKT	LBBEY	4	3610	45
JPNGO	LBBEY	2	3470	46
JPUKB	LBBEY	7	3660	40
JPYOK	LBBEY	4	3720	42
KRPUS	LBBEY	9	3480	33
LKCMB	LBBEY	1	2270	27
MAPTM	LBBEY	5	530	19
MYPKG	LBBEY	7	2980	23
MYTPP	LBBEY	4	2890	24
NLRTM	LBBEY	28	970	23
OMSLL	LBBEY	2	1090	38
PKBQM	LBBEY	4	2200	22
SAJED	LBBEY	4	1140	14
SGSIN	LBBEY	3	2880	30
SIKOP	LBBEY	1	960	19
THLCH	LBBEY	18	2920	35
TRAMB	LBBEY	1	540	13
TRIZM	LBBEY	1	780	12
TWKHH	LBBEY	12	2780	37
VNSGN	LBBEY	3	2900	34
AEJEA	LKCMB	119	470	10
BEANR	LKCMB	3	1430	31
BEZEE	LKCMB	5	1380	29
BGVAR	LKCMB	7	1600	21
CNDLC	LKCMB	4	1350	24
CNSHA	LKCMB	7	1250	15
CNTAO	LKCMB	14	1370	23
CNXMN	LKCMB	4	1370	15
CNYTN	LKCMB	14	1340	11
DEBRV	LKCMB	17	1480	30
DEHAM	LKCMB	2	1390	34
DZALG	LKCMB	1	1580	34
EGALY	LKCMB	3	1390	16
EGPSD	LKCMB	2	1320	17
ESALG	LKCMB	102	1410	24
ESBCN	LKCMB	1	1440	26
FRDKK	LKCMB	2	1590	35
FRFOS	LKCMB	3	1490	23
FRLEH	LKCMB	1	1500	35
GBABD	LKCMB	4	1650	25
GBFXT	LKCMB	35	1550	31
GRPIR	LKCMB	1	1610	27
GRSKG	LKCMB	3	1600	28
HKHKG	LKCMB	15	1430	13
IDJKT	LKCMB	13	1010	16
IDSRG	LKCMB	3	1370	15
IDSUB	LKCMB	5	1320	17
IEDUB	LKCMB	18	1640	26
ILASH	LKCMB	3	1370	18
ILHFA	LKCMB	1	1670	16
INCOK	LKCMB	6	640	6
INMAA	LKCMB	6	420	6
INNSA	LKCMB	17	410	9
IRBND	LKCMB	8	500	21
ITGIT	LKCMB	3	1420	19
ITGOA	LKCMB	7	1440	31
ITSAL	LKCMB	1	1520	27
JPNGO	LKCMB	3	2120	29
JPUKB	LKCMB	3	2230	22
JPYOK	LKCMB	5	2260	23
KRPUS	LKCMB	2	1500	17
KWSWK	LKCMB	11	480	17
LBBEY	LKCMB	1	1450	26
MACAS	LKCMB	1	1370	30
MYPEN	LKCMB	2	1200	15
MYPKG	LKCMB	4	1030	14
MYTPP	LKCMB	39	1100	5
NLRTM	LKCMB	6	1480	28
NOAES	LKCMB	1	1860	28
NOBGO	LKCMB	1	1850	29
OMSLL	LKCMB	3	580	17
PKKHI	LKCMB	6	600	17
PLGDY	LKCMB	8	1670	28
RULED	LKCMB	8	1360	37
SADMM	LKCMB	6	580	17
SAJED	LKCMB	3	610	10
SEGOT	LKCMB	3	1380	70
SGSIN	LKCMB	4	1100	13
THLCH	LKCMB	33	1010	16
TNTUN	LKCMB	1	1570	21
TRAMB	LKCMB	2	1380	25
TRIZM	LKCMB	3	1660	26
TRMER	LKCMB	2	1610	25
TWKHH	LKCMB	3	1060	18
UAODS	LKCMB	4	1710	23
VNHPH	LKCMB	13	1310	13
VNSGN	LKCMB	1	1110	15
YEADE	LKCMB	7	800	15
AEJEA	MAAGA	7	1740	33
CNSHA	MAAGA	10	3150	46
CNYTN	MAAGA	2	2950	41
DEBRV	MAAGA	8	1050	11
ESALG	MAAGA	8	640	8
ESBCN	MAAGA	2	640	13
ESVLC	MAAGA	2	690	15
FRLEH	MAAGA	4	1040	12
GBABD	MAAGA	1	1230	14
HKHKG	MAAGA	2	3030	31
ILASH	MAAGA	5	680	21
ILHFA	MAAGA	2	1000	29
INMAA	MAAGA	1	2250	27
INNSA	MAAGA	1	2420	41
ITGOA	MAAGA	3	640	16
JOAQB	MAAGA	4	1210	24
NLRTM	MAAGA	21	1050	12
PTLEI	MAAGA	5	1010	19
RULED	MAAGA	4	1040	16
SADMM	MAAGA	1	1240	46
SAJED	MAAGA	4	1220	25
AEJEA	MACAS	95	1530	27
BEZEE	MACAS	3	800	12
CNDLC	MACAS	15	3380	49
CNFOC	MACAS	3	2850	43
CNSHA	MACAS	123	2950	40
CNTAO	MACAS	11	3430	47
CNXMN	MACAS	10	2770	37
CNYTN	MACAS	45	2760	70
DEBRV	MACAS	68	820	8
DEHAM	MACAS	5	830	16
DKAAR	MACAS	3	840	13
EGALY	MACAS	6	390	19
EGPSD	MACAS	16	400	14
ESALG	MACAS	30	400	5
FIKTK	MACAS	4	860	20
FIRAU	MACAS	5	1120	18
FRLEH	MACAS	2	810	13
GBABD	MACAS	6	1000	20
GBFXT	MACAS	9	850	11
GRSKG	MACAS	2	620	23
HKHKG	MACAS	14	2850	39
IDJKT	MACAS	6	2700	41
IEDUB	MACAS	2	970	21
ILHFA	MACAS	17	760	19
INMAA	MACAS	3	2050	39
INNSA	MACAS	11	1990	33
INPAV	MACAS	5	2010	32
IRBND	MACAS	1	1610	43
ITGIT	MACAS	12	390	13
ITGOA	MACAS	1	400	9
ITTRS	MACAS	2	670	23
JOAQB	MACAS	4	980	17
JPHKT	MACAS	6	3550	50
JPNGO	MACAS	2	3580	53
JPUKB	MACAS	3	3330	49
JPYOK	MACAS	28	3380	45
KRPUS	MACAS	17	3500	44
KWSWK	MACAS	2	1620	34
LKCMB	MACAS	1	2020	34
MYPKG	MACAS	3	2750	38
MYTPP	MACAS	11	2660	29
NLRTM	MACAS	151	820	11
NOBGO	MACAS	1	1250	50
OMSLL	MACAS	2	1020	38
PHMNL	MACAS	1	2900	50
PKBQM	MACAS	2	2150	35
PLGDY	MACAS	11	1080	17
PTLEI	MACAS	3	770	13
RULED	MACAS	5	780	17
SADMM	MACAS	4	1000	36
SAJED	MACAS	110	990	19
SEGOT	MACAS	12	800	14
SGSIN	MACAS	1	2590	36
SIKOP	MACAS	6	830	21
THLCH	MACAS	13	2690	40
TNTUN	MACAS	3	600	50
TRAMB	MACAS	3	420	20
TRMER	MACAS	4	560	21
TWKHH	MACAS	4	2760	42
AEJEA	MAPTM	10	1570	18
CNSHA	MAPTM	9	2730	38
DEBRV	MAPTM	4	840	5
DEHAM	MAPTM	2	850	10
EGPSD	MAPTM	3	410	8
ESALG	MAPTM	4	410	12
FRFOS	MAPTM	3	780	6
INNSA	MAPTM	3	2040	26
LBBEY	MAPTM	1	550	16
NLRTM	MAPTM	2	840	8
SADMM	MAPTM	1	1030	31
SAJED	MAPTM	13	1010	10
SEGOT	MAPTM	10	820	10
TRAMB	MAPTM	3	430	13
AEJEA	MYPEN	1	500	18
CNDLC	MYPEN	7	930	15
CNLYG	MYPEN	16	1090	17
CNSHA	MYPEN	17	660	13
CNTAO	MYPEN	10	940	14
CNYTN	MYPEN	26	560	8
ESALG	MYPEN	13	1000	29
GBFXT	MYPEN	6	910	70
GBSOU	MYPEN	3	1000	32
HKHKG	MYPEN	5	690	9
IDJKT	MYPEN	4	570	8
INPAV	MYPEN	2	450	15
ITGIT	MYPEN	1	1040	23
ITGOA	MYPEN	1	1080	37
JPHKT	MYPEN	1	1250	15
JPYOK	MYPEN	2	1110	17
KRPUS	MYPEN	14	980	12
KWSWK	MYPEN	1	460	29
MYTPP	MYPEN	12	550	5
PTLEI	MYPEN	1	1320	47
RULED	MYPEN	6	1050	33
SADMM	MYPEN	1	760	38
SEGOT	MYPEN	1	1030	41
SGSIN	MYPEN	3	590	5
SIKOP	MYPEN	3	1130	40
TWKHH	MYPEN	12	580	12
VNHPH	MYPEN	4	900	12
VNSGN	MYPEN	2	580	8
AEJEA	MYPKG	1	310	18
BDCGP	MYPKG	3	270	12
BGVAR	MYPKG	3	1120	36
CNDLC	MYPKG	4	780	12
CNSHA	MYPKG	116	520	12
CNTAO	MYPKG	12	790	12
CNXMN	MYPKG	9	400	10
CNYTN	MYPKG	20	410	7
DEBRV	MYPKG	10	890	38
DEHAM	MYPKG	76	930	36
DKAAR	MYPKG	3	880	42
EGALY	MYPKG	2	880	25
ESALG	MYPKG	41	860	31
FRBES	MYPKG	3	1200	33
FRFOS	MYPKG	2	950	30
FRLEH	MYPKG	4	880	35
GBABD	MYPKG	5	970	30
GBSOU	MYPKG	34	850	31
GRPIR	MYPKG	1	1120	31
HKHKG	MYPKG	5	540	8
IDJKT	MYPKG	6	410	6
IDSRG	MYPKG	6	650	7
INCOK	MYPKG	3	480	12
INPAV	MYPKG	3	290	17
ITGIT	MYPKG	3	890	22
ITGOA	MYPKG	3	840	29
JPHKT	MYPKG	27	1100	14
JPNGO	MYPKG	1	980	16
JPUKB	MYPKG	6	990	16
JPYOK	MYPKG	44	970	16
KRPUS	MYPKG	7	830	12
MYPEN	MYPKG	5	590	4
MYTPP	MYPKG	79	400	3
NLRTM	MYPKG	27	910	36
PLGDY	MYPKG	25	1210	33
RULED	MYPKG	2	880	32
SEGOT	MYPKG	15	890	41
SGSIN	MYPKG	13	390	4
SIKOP	MYPKG	2	890	31
THLCH	MYPKG	80	400	6
TWKHH	MYPKG	38	420	11
UAODS	MYPKG	3	1090	32
VNDAD	MYPKG	1	800	9
VNHPH	MYPKG	11	670	11
VNSGN	MYPKG	12	420	7
AEJEA	MYTPP	143	310	24
BDCGP	MYTPP	3	280	10
BEANR	MYTPP	2	2560	53
BEZEE	MYTPP	23	950	33
BGVAR	MYTPP	2	2610	61
CNDLC	MYTPP	186	800	13
CNFOC	MYTPP	17	510	9
CNSHA	MYTPP	355	530	9
CNTAO	MYTPP	129	810	12
CNXMN	MYTPP	194	410	8
CNYTN	MYTPP	328	410	7
DEBRV	MYTPP	230	910	32
DEHAM	MYTPP	53	950	34
DKAAR	MYTPP	19	900	36
ESALG	MYTPP	94	880	24
ESBCN	MYTPP	7	2500	51
ESVGO	MYTPP	1	3180	63
ESVLC	MYTPP	4	2520	44
FIKTK	MYTPP	2	2560	59
FIRAU	MYTPP	17	2760	47
FRDKK	MYTPP	10	2630	50
FRFOS	MYTPP	11	2380	44
FRLEH	MYTPP	8	2480	49
GBABD	MYTPP	21	2590	54
GBFXT	MYTPP	149	2370	45
GBSOU	MYTPP	49	790	34
GRPIR	MYTPP	14	2560	39
GRSKG	MYTPP	8	2630	51
HKHKG	MYTPP	173	550	7
IDJKT	MYTPP	49	420	3
IDSRG	MYTPP	2	670	3
IDSUB	MYTPP	28	2190	18
IEDUB	MYTPP	20	2520	35
ILASH	MYTPP	20	2380	36
ILHFA	MYTPP	18	2680	39
INCOK	MYTPP	3	2260	42
INMAA	MYTPP	3	290	8
INNSA	MYTPP	31	270	23
ITGIT	MYTPP	61	2410	37
ITGOA	MYTPP	48	2360	38
ITSAL	MYTPP	19	2470	48
ITTRS	MYTPP	2	2660	52
JPHKT	MYTPP	25	1020	11
JPNGO	MYTPP	51	1010	14
JPOSA	MYTPP	10	2410	25
JPSMZ	MYTPP	5	2290	25
JPTYO	MYTPP	6	1060	12
JPUKB	MYTPP	63	1010	10
JPYOK	MYTPP	70	1000	13
KRPUS	MYTPP	243	850	11
LBBEY	MYTPP	2	2660	57
LKCMB	MYTPP	9	290	14
MAPTM	MYTPP	1	870	27
MYPEN	MYTPP	5	600	3
MYPKG	MYTPP	45	400	3
NLRTM	MYTPP	271	930	29
PHGES	MYTPP	1	2540	27
PHMNL	MYTPP	3	570	11
PKBQM	MYTPP	25	1970	34
PKKHI	MYTPP	3	2220	25
PLGDY	MYTPP	13	1120	31
PTLEI	MYTPP	8	2770	50
RULED	MYTPP	3	2370	43
SADMM	MYTPP	8	1960	52
SAJED	MYTPP	26	2070	31
SEGOT	MYTPP	32	910	37
SGSIN	MYTPP	149	400	8
SIKOP	MYTPP	5	2440	51
THLCH	MYTPP	314	410	3
TRAMB	MYTPP	30	870	26
TRIZM	MYTPP	4	2580	50
TRMER	MYTPP	6	2530	38
TWKEL	MYTPP	8	620	12
TWKHH	MYTPP	124	390	8
UAODS	MYTPP	10	2600	35
VNHPH	MYTPP	16	690	6
VNSGN	MYTPP	40	390	10
AEJEA	NLRTM	62	1740	26
BDCGP	NLRTM	42	2230	38
CNDLC	NLRTM	103	3000	44
CNFOC	NLRTM	24	3120	40
CNLYG	NLRTM	6	2990	47
CNSHA	NLRTM	518	2960	35
CNTAO	NLRTM	138	3050	41
CNXMN	NLRTM	163	3200	36
CNYTN	NLRTM	674	3270	30
CYLMS	NLRTM	1	1100	22
DEBRV	NLRTM	2	420	3
EGPSD	NLRTM	6	860	17
ESALG	NLRTM	88	860	5
ESLPA	NLRTM	1	1280	6
GEPTI	NLRTM	6	1110	23
GRPIR	NLRTM	4	1010	18
GRSKG	NLRTM	2	990	21
HKHKG	NLRTM	345	2690	34
IDJKT	NLRTM	40	2640	36
IDSRG	NLRTM	20	3030	35
IDSUB	NLRTM	13	2870	37
ILHFA	NLRTM	2	1140	20
INCOK	NLRTM	17	2430	39
INMAA	NLRTM	45	2100	35
INNSA	NLRTM	41	2190	34
INPAV	NLRTM	17	2110	32
IRBND	NLRTM	1	1800	47
ITGIT	NLRTM	18	790	19
JOAQB	NLRTM	10	1430	21
JPHKT	NLRTM	7	3460	47
JPNGO	NLRTM	200	3220	49
JPSMZ	NLRTM	66	3460	43
JPUKB	NLRTM	235	3250	41
JPYOK	NLRTM	224	3190	43
KRPUS	NLRTM	50	4120	38
KWSWK	NLRTM	2	1690	35
LKCMB	NLRTM	29	2070	32
MAAGA	NLRTM	28	1100	15
MACAS	NLRTM	18	800	12
MYPEN	NLRTM	4	2830	35
MYPKG	NLRTM	21	2770	26
MYTPP	NLRTM	144	2750	25
PHGES	NLRTM	9	3150	40
PHMNL	NLRTM	9	2870	38
PKBQM	NLRTM	26	2040	36
PTLEI	NLRTM	1	1160	11
RULED	NLRTM	6	400	9
SADMM	NLRTM	2	1460	35
SAJED	NLRTM	2	1400	23
SGSIN	NLRTM	24	2740	33
THLCH	NLRTM	113	2580	35
TNSFA	NLRTM	1	1120	22
TNTUN	NLRTM	2	970	14
TRAMB	NLRTM	3	850	20
TRIZM	NLRTM	3	990	19
TRMER	NLRTM	4	940	25
TWKHH	NLRTM	57	2770	38
UAODS	NLRTM	1	1080	16
VNDAD	NLRTM	3	3130	38
VNHPH	NLRTM	19	3060	39
VNSGN	NLRTM	86	2700	35
CNDLC	NOAES	1	3450	57
CNSHA	NOAES	4	3410	49
CNYTN	NOAES	1	3720	44
DEBRV	NOAES	1	750	6
KRPUS	NOAES	6	4600	53
MYTPP	NOAES	4	3200	39
CNDLC	NOBGO	1	3530	56
CNSHA	NOBGO	7	3480	48
CNXMN	NOBGO	1	3650	48
CNYTN	NOBGO	4	3810	43
HKHKG	NOBGO	2	3140	47
INNSA	NOBGO	1	2630	39
KRPUS	NOBGO	4	4260	52
MYTPP	NOBGO	2	2960	38
PKBQM	NOBGO	2	2460	38
AEJEA	NOKRS	1	1970	41
CNSHA	NOKRS	4	3560	51
CNYTN	NOKRS	2	3520	46
EGPSD	NOKRS	1	1150	29
HKHKG	NOKRS	4	3200	50
CNDLC	NOSVG	5	3180	55
CNFOC	NOSVG	5	3480	49
CNSHA	NOSVG	26	3210	47
CNTAO	NOSVG	5	3400	52
CNYTN	NOSVG	22	3510	42
ESVLC	NOSVG	2	1090	14
GRSKG	NOSVG	1	1300	33
HKHKG	NOSVG	9	2880	46
IDJKT	NOSVG	2	2980	37
INMAA	NOSVG	1	2420	39
INNSA	NOSVG	1	2340	38
INPAV	NOSVG	1	2440	38
KRPUS	NOSVG	1	4270	51
MYTPP	NOSVG	8	2940	37
SGSIN	NOSVG	3	3090	38
TRAMB	NOSVG	2	1050	29
TWKHH	NOSVG	2	2820	39
AEJEA	OMSLL	24	650	7
BEANR	OMSLL	43	1220	38
BEZEE	OMSLL	5	1180	23
CNDLC	OMSLL	9	2130	39
CNSHA	OMSLL	19	1790	22
CNTAO	OMSLL	8	2230	36
CNXMN	OMSLL	7	1570	36
CNYTN	OMSLL	9	1590	18
CYLMS	OMSLL	1	1150	26
DEBRV	OMSLL	15	1120	24
DEHAM	OMSLL	1	1200	22
DKAAR	OMSLL	7	1230	39
EGALY	OMSLL	4	880	27
EGPSD	OMSLL	21	840	8
ESAGP	OMSLL	1	1470	33
ESALG	OMSLL	6	840	28
ESBCN	OMSLL	1	810	70
ESVLC	OMSLL	1	880	22
FRBES	OMSLL	4	1500	42
FRLEH	OMSLL	1	1230	50
GBFXT	OMSLL	7	1160	25
GBSOU	OMSLL	1	1280	36
GRSKG	OMSLL	1	1070	34
HKHKG	OMSLL	7	1390	18
IEDUB	OMSLL	1	1380	34
INCOK	OMSLL	4	850	26
INMAA	OMSLL	1	700	70
INNSA	OMSLL	8	700	4
ITGIT	OMSLL	2	870	12
ITGOA	OMSLL	3	860	29
ITTRS	OMSLL	1	1120	16
JPNGO	OMSLL	12	2540	46
JPOSA	OMSLL	2	2820	28
JPUKB	OMSLL	2	2470	70
JPYOK	OMSLL	14	2380	25
KRPUS	OMSLL	27	1850	25
LBBEY	OMSLL	11	1030	16
LKCMB	OMSLL	10	690	6
MAPTM	OMSLL	2	850	30
MYPKG	OMSLL	3	1080	25
MYTPP	OMSLL	14	1060	22
NLRTM	OMSLL	12	1120	22
PHMNL	OMSLL	3	1290	50
SEGOT	OMSLL	14	1140	38
SGSIN	OMSLL	2	1040	50
SIKOP	OMSLL	1	1190	34
THLCH	OMSLL	17	1030	23
TRAMB	OMSLL	4	850	33
TRMER	OMSLL	1	1010	29
TWKEL	OMSLL	1	1220	50
TWKHH	OMSLL	4	1080	50
CNSHA	PHGES	7	930	13
FIKTK	PHGES	5	1350	58
GRSKG	PHGES	3	1390	51
HKHKG	PHGES	4	940	7
JPHKT	PHGES	2	1380	13
JPUKB	PHGES	6	1310	14
JPYOK	PHGES	2	1320	15
KRPUS	PHGES	4	1210	13
MYTPP	PHGES	1	1390	35
PHMNL	PHGES	27	970	10
THLCH	PHGES	59	790	14
TWKHH	PHGES	5	810	9
BEZEE	PHMNL	2	1120	42
CNSHA	PHMNL	2	740	11
CNYTN	PHMNL	12	580	8
DEBRV	PHMNL	12	1120	40
DEHAM	PHMNL	3	1090	45
DKAAR	PHMNL	2	1090	45
ESALG	PHMNL	24	1020	39
GBFXT	PHMNL	9	890	43
GBSOU	PHMNL	11	1050	42
GRSKG	PHMNL	1	1220	51
HKHKG	PHMNL	136	740	3
INMAA	PHMNL	2	450	18
INNSA	PHMNL	1	450	28
INPAV	PHMNL	1	440	29
ITGIT	PHMNL	1	1060	40
JPHKT	PHMNL	1	1210	9
JPUKB	PHMNL	1	1140	10
JPYOK	PHMNL	4	1150	11
KWSWK	PHMNL	1	510	25
MYTPP	PHMNL	47	570	10
NLRTM	PHMNL	14	1150	39
OMSLL	PHMNL	1	760	27
PHGES	PHMNL	45	950	9
PKBQM	PHMNL	5	480	19
PLGDY	PHMNL	2	1380	45
SEGOT	PHMNL	3	1080	44
SGSIN	PHMNL	5	620	10
TRIZM	PHMNL	2	1280	38
TWKHH	PHMNL	78	610	5
VNHPH	PHMNL	7	880	8
VNSGN	PHMNL	21	610	10
AEJEA	PKBQM	32	460	7
BEANR	PKBQM	15	1440	32
BEZEE	PKBQM	4	1500	30
BGVAR	PKBQM	5	1550	33
CNDLC	PKBQM	22	1290	33
CNFOC	PKBQM	6	1240	29
CNSHA	PKBQM	51	1240	25
CNTAO	PKBQM	8	1350	33
CNXMN	PKBQM	8	1290	21
CNYTN	PKBQM	55	1340	20
DEBRV	PKBQM	49	1500	30
DEHAM	PKBQM	5	1460	35
DKAAR	PKBQM	11	1460	42
EGALY	PKBQM	17	1340	16
EGDAM	PKBQM	6	1570	15
EGPSD	PKBQM	16	1400	18
ESALG	PKBQM	13	1360	22
ESBCN	PKBQM	10	1350	33
ESVGO	PKBQM	1	1670	38
ESVLC	PKBQM	7	1330	31
FIRAU	PKBQM	14	1880	41
FRDKK	PKBQM	3	1610	22
FRFOS	PKBQM	12	1500	27
FRLEH	PKBQM	2	1430	27
GBABD	PKBQM	1	1720	38
GBFXT	PKBQM	67	1510	32
GBSOU	PKBQM	5	1570	25
GRPIR	PKBQM	1	1640	29
GRSKG	PKBQM	1	1570	25
HKHKG	PKBQM	100	1350	23
IDJKT	PKBQM	9	1090	26
IDSRG	PKBQM	2	1350	14
INMAA	PKBQM	2	410	14
INNSA	PKBQM	37	410	3
INPAV	PKBQM	25	400	11
ITGIT	PKBQM	11	1420	18
ITGOA	PKBQM	25	1340	26
ITSAL	PKBQM	1	1510	28
ITTRS	PKBQM	14	1700	25
JPNGO	PKBQM	9	2160	39
JPSMZ	PKBQM	26	2150	32
JPTYO	PKBQM	5	2270	33
JPUKB	PKBQM	11	2160	31
JPYOK	PKBQM	19	2180	32
KRPUS	PKBQM	29	1580	27
LKCMB	PKBQM	4	390	13
MACAS	PKBQM	3	1390	34
MYPKG	PKBQM	3	1030	21
MYTPP	PKBQM	47	1060	14
NLRTM	PKBQM	46	1390	29
NOSVG	PKBQM	1	1690	39
PHMNL	PKBQM	2	1260	25
PLGDY	PKBQM	5	1610	30
PTLEI	PKBQM	6	1630	28
RUKGD	PKBQM	1	1670	45
RULED	PKBQM	35	1400	38
SADMM	PKBQM	32	590	15
SAJED	PKBQM	82	580	11
SEGOT	PKBQM	25	1450	41
SGSIN	PKBQM	7	1030	23
SIKOP	PKBQM	2	1490	30
THLCH	PKBQM	46	1080	25
TRAMB	PKBQM	21	1420	31
TRIZM	PKBQM	8	1640	26
TRMER	PKBQM	5	1590	25
TWKEL	PKBQM	2	1260	20
TWKHH	PKBQM	6	1020	27
UAODS	PKBQM	1	1570	30
VNHPH	PKBQM	1	1380	17
AEJEA	PKKHI	26	690	7
BEANR	PKKHI	9	1700	35
BGVAR	PKKHI	7	1800	26
CNDLC	PKKHI	4	1540	28
CNSHA	PKKHI	4	1490	28
DEBRV	PKKHI	5	1610	33
DEHAM	PKKHI	1	1720	38
ESALG	PKKHI	5	2370	16
GBFXT	PKKHI	3	1770	36
INCOK	PKKHI	1	820	50
INNSA	PKKHI	12	650	14
IRBND	PKKHI	1	720	9
ITGIT	PKKHI	6	1520	21
ITGOA	PKKHI	4	1600	30
ITTRS	PKKHI	3	1970	30
JOAQB	PKKHI	1	850	16
KWSWK	PKKHI	1	660	11
MYTPP	PKKHI	1	2080	40
NLRTM	PKKHI	4	1650	33
OMSLL	PKKHI	1	820	11
PLGDY	PKKHI	20	1870	34
SADMM	PKKHI	2	840	8
SAJED	PKKHI	3	830	22
SGSIN	PKKHI	2	1280	15
SIKOP	PKKHI	11	1590	35
AEJEA	PLGDY	2	1950	34
BDCGP	PLGDY	8	2340	33
CNDLC	PLGDY	2	3310	40
CNSHA	PLGDY	17	3310	38
CNXMN	PLGDY	5	3540	36
CNYTN	PLGDY	7	3660	35
EGALY	PLGDY	2	1040	23
ESALG	PLGDY	9	1060	10
GRPIR	PLGDY	2	1200	25
HKHKG	PLGDY	1	2900	35
INCOK	PLGDY	1	2590	34
INMAA	PLGDY	3	2420	35
INNSA	PLGDY	11	2270	30
INPAV	PLGDY	11	2380	29
LKCMB	PLGDY	7	2330	29
MAAGA	PLGDY	3	1240	18
MYPKG	PLGDY	2	2900	33
PKBQM	PLGDY	1	2300	32
TRIZM	PLGDY	3	1210	22
TWKHH	PLGDY	2	2870	40
VNSGN	PLGDY	3	2820	39
AEJEA	PTLEI	8	1980	30
BDCGP	PTLEI	3	2420	46
CNDLC	PTLEI	13	3690	40
CNFOC	PTLEI	3	3180	43
CNLYG	PTLEI	1	3940	54
CNSHA	PTLEI	50	3020	40
CNTAO	PTLEI	11	3690	46
CNXMN	PTLEI	13	3290	36
CNYTN	PTLEI	106	3080	35
DEBRV	PTLEI	5	1160	13
DZALG	PTLEI	1	980	15
DZBJA	PTLEI	1	1040	19
EGALY	PTLEI	2	750	20
ESALG	PTLEI	15	2330	16
ESVLC	PTLEI	2	750	9
GRSKG	PTLEI	3	950	20
HKHKG	PTLEI	27	3320	31
IDJKT	PTLEI	5	3160	40
IDSUB	PTLEI	1	3400	45
INCOK	PTLEI	2	2670	50
INMAA	PTLEI	4	2500	40
INNSA	PTLEI	30	2400	33
INPAV	PTLEI	10	2460	36
ITGOA	PTLEI	2	750	12
ITTRS	PTLEI	3	990	15
JPHKT	PTLEI	2	3910	48
JPNGO	PTLEI	2	3910	39
JPUKB	PTLEI	3	3990	49
KRPUS	PTLEI	12	3650	44
LKCMB	PTLEI	8	2410	25
MYPKG	PTLEI	3	3080	42
MYTPP	PTLEI	9	3100	33
NLRTM	PTLEI	1	1190	13
PHGES	PTLEI	5	3400	46
PHMNL	PTLEI	1	3330	42
PKBQM	PTLEI	20	2440	40
PLGDY	PTLEI	5	1390	9
SADMM	PTLEI	7	1250	34
SAJED	PTLEI	4	1360	22
SGSIN	PTLEI	4	3090	35
THLCH	PTLEI	16	2900	40
TRAMB	PTLEI	5	700	19
TWKHH	PTLEI	10	3120	42
VNDAD	PTLEI	1	3560	46
VNSGN	PTLEI	3	3060	39
AEJEA	RUKGD	1	1840	34
CNDLC	RUKGD	6	3190	55
CNSHA	RUKGD	8	3200	47
CNTAO	RUKGD	2	3190	52
CNYTN	RUKGD	17	3540	42
DEBRV	RUKGD	62	650	7
GBABD	RUKGD	7	1030	50
GBFXT	RUKGD	2	870	12
IDSRG	RUKGD	1	3060	50
INNSA	RUKGD	1	2410	38
KRPUS	RUKGD	236	4210	53
LKCMB	RUKGD	1	2420	36
MAAGA	RUKGD	2	1260	20
MAPTM	RUKGD	7	1070	50
MYPKG	RUKGD	4	3020	39
MYTPP	RUKGD	1	3040	37
NLRTM	RUKGD	2	600	9
PTLEI	RUKGD	2	1330	14
THLCH	RUKGD	45	2850	47
AEJEA	RULED	10	1610	32
BDCGP	RULED	3	2050	48
BEANR	RULED	1	390	11
CNDLC	RULED	46	2880	53
CNFOC	RULED	4	2900	47
CNSHA	RULED	212	2890	45
CNTAO	RULED	54	2880	50
CNXMN	RULED	36	3200	42
CNYTN	RULED	91	3210	40
DEBRV	RULED	12	390	5
DKAAR	RULED	12	390	11
ESALG	RULED	4	780	19
ESBCN	RULED	24	780	23
ESVGO	RULED	3	1000	16
ESVLC	RULED	11	780	70
FRLEH	RULED	6	390	17
GBFXT	RULED	2	590	10
HKHKG	RULED	36	2590	44
IDJKT	RULED	19	2600	46
IDSUB	RULED	3	2820	47
IEDUB	RULED	16	760	18
INCOK	RULED	1	2280	42
INMAA	RULED	6	2060	37
INNSA	RULED	4	2070	37
INPAV	RULED	4	2080	36
ITGIT	RULED	22	790	24
ITGOA	RULED	10	790	27
JPUKB	RULED	5	3240	51
JPYOK	RULED	4	3190	51
KRPUS	RULED	253	3870	50
LKCMB	RULED	14	2080	34
MAAGA	RULED	4	1040	19
MACAS	RULED	2	780	14
MAPTM	RULED	2	780	16
MYPKG	RULED	24	2580	38
MYTPP	RULED	40	2600	35
NLRTM	RULED	6	390	8
PHMNL	RULED	1	2750	46
PKBQM	RULED	16	2060	37
PTLEI	RULED	2	1110	21
SEGOT	RULED	2	390	12
SGSIN	RULED	5	2590	39
THLCH	RULED	63	2610	45
TRMER	RULED	8	930	27
TWKHH	RULED	13	2560	42
VNHPH	RULED	2	2880	48
VNSGN	RULED	22	2570	45
AEJEA	SADMM	35	670	6
BEZEE	SADMM	4	1140	39
BGVAR	SADMM	4	1080	38
CNDLC	SADMM	32	2180	39
CNFOC	SADMM	2	1820	37
CNLYG	SADMM	1	2350	44
CNSHA	SADMM	87	1760	35
CNTAO	SADMM	16	2180	36
CNXMN	SADMM	15	1530	32
CNYTN	SADMM	83	1630	30
DEBRV	SADMM	42	1120	32
DEHAM	SADMM	17	1160	37
DKAAR	SADMM	5	1120	39
DZALG	SADMM	1	1010	37
EGALY	SADMM	4	870	28
EGPSD	SADMM	10	870	21
ESALG	SADMM	6	880	30
ESVGO	SADMM	1	1040	40
FRBES	SADMM	19	1380	43
FRFOS	SADMM	4	1140	23
FRLEH	SADMM	1	1190	31
GBABD	SADMM	2	1420	42
GBFXT	SADMM	26	1130	36
HKHKG	SADMM	91	1310	33
IDJKT	SADMM	6	1010	34
IDSUB	SADMM	3	1240	35
IEDUB	SADMM	2	1300	43
INCOK	SADMM	5	930	26
INMAA	SADMM	2	660	36
INNSA	SADMM	20	710	14
IRBND	SADMM	3	740	24
ITGIT	SADMM	17	830	20
ITGOA	SADMM	17	870	30
ITSAL	SADMM	1	990	30
ITTRS	SADMM	1	1110	30
JPHKT	SADMM	10	2590	48
JPNGO	SADMM	5	2570	27
JPUKB	SADMM	2	2360	39
JPYOK	SADMM	11	2570	40
KRPUS	SADMM	30	1810	40
LKCMB	SADMM	10	710	21
MYPKG	SADMM	5	1010	25
MYTPP	SADMM	47	1010	21
NLRTM	SADMM	39	1150	33
NOBGO	SADMM	1	1540	33
NOSVG	SADMM	1	1460	29
PKBQM	SADMM	6	710	21
PKKHI	SADMM	32	910	18
PTLEI	SADMM	6	1160	30
RULED	SADMM	5	1140	42
SGSIN	SADMM	6	1090	27
SIKOP	SADMM	1	1160	70
THLCH	SADMM	32	1050	17
TRAMB	SADMM	6	820	24
TRIZM	SADMM	1	1030	28
TRMER	SADMM	1	1050	29
TWKEL	SADMM	4	1280	40
TWKHH	SADMM	5	1100	35
UAODS	SADMM	25	1070	24
VNSGN	SADMM	3	1080	33
AEJEA	SAJED	82	690	8
BDCGP	SAJED	4	700	19
BEANR	SAJED	7	1230	20
BEZEE	SAJED	32	1170	19
BGVAR	SAJED	12	1110	24
CNDLC	SAJED	78	2230	35
CNFOC	SAJED	7	1860	29
CNSHA	SAJED	95	1800	31
CNTAO	SAJED	13	2230	32
CNXMN	SAJED	24	1570	28
CNYTN	SAJED	123	1660	24
DEBRV	SAJED	104	1150	19
DEHAM	SAJED	4	1190	26
DKAAR	SAJED	40	1150	28
DZALG	SAJED	3	1030	22
DZORN	SAJED	1	1290	22
EGALY	SAJED	18	810	9
EGDAM	SAJED	1	1050	7
EGPSD	SAJED	29	810	4
ESAGP	SAJED	5	1500	17
ESALG	SAJED	28	820	14
ESBCN	SAJED	2	860	24
ESVGO	SAJED	2	1070	27
ESVLC	SAJED	1	860	25
FIKTK	SAJED	7	1250	31
FRBES	SAJED	5	1420	31
FRDKK	SAJED	1	1370	23
FRFOS	SAJED	9	1170	20
FRLEH	SAJED	11	1220	16
GBABD	SAJED	5	1310	31
GBFXT	SAJED	29	1150	24
GRPIR	SAJED	1	1020	20
GRSKG	SAJED	6	1080	14
HKHKG	SAJED	50	1350	26
IDJKT	SAJED	14	1040	27
IDSUB	SAJED	5	1270	31
IEDUB	SAJED	9	1330	32
INCOK	SAJED	8	860	20
INMAA	SAJED	5	670	21
INNSA	SAJED	105	660	11
INPAV	SAJED	2	710	9
IRBND	SAJED	6	760	24
ITGIT	SAJED	25	850	13
ITGOA	SAJED	20	810	11
ITSAL	SAJED	2	920	24
JOAQB	SAJED	3	390	6
JPHKT	SAJED	2	2400	40
JPNGO	SAJED	7	2380	38
JPSMZ	SAJED	3	2480	36
JPUKB	SAJED	5	2420	34
JPYOK	SAJED	22	2380	36
KRPUS	SAJED	22	1850	31
KWSWK	SAJED	5	670	21
LBBEY	SAJED	1	950	11
LKCMB	SAJED	8	660	12
MAAGA	SAJED	2	1090	20
MACAS	SAJED	2	860	23
MAPTM	SAJED	8	800	19
MYPEN	SAJED	4	1170	26
MYPKG	SAJED	16	1030	17
MYTPP	SAJED	33	1040	19
NLRTM	SAJED	157	1180	21
OMSLL	SAJED	4	420	23
PKBQM	SAJED	37	650	13
PLGDY	SAJED	19	1450	20
PTLEI	SAJED	22	1190	24
RULED	SAJED	9	1120	27
SADMM	SAJED	2	400	19
SEGOT	SAJED	71	1210	27
SGSIN	SAJED	4	1010	22
SIKOP	SAJED	6	1180	15
SYLTK	SAJED	4	1060	8
THLCH	SAJED	54	1080	30
TRAMB	SAJED	29	840	17
TRIZM	SAJED	2	1060	15
TRMER	SAJED	5	970	10
TWKHH	SAJED	2	1020	32
UAODS	SAJED	7	1100	21
AEJEA	SEGOT	3	1730	32
BDCGP	SEGOT	15	2240	49
CNDLC	SEGOT	19	3160	54
CNFOC	SEGOT	3	2950	70
CNSHA	SEGOT	145	3140	46
CNTAO	SEGOT	24	3160	51
CNXMN	SEGOT	18	3320	46
CNYTN	SEGOT	182	3190	41
DEBRV	SEGOT	2	410	70
EGALY	SEGOT	9	800	24
EGPSD	SEGOT	2	810	19
ESALG	SEGOT	11	810	15
ESBCN	SEGOT	1	850	15
ESVLC	SEGOT	6	780	11
GRPIR	SEGOT	6	1020	25
GRSKG	SEGOT	2	980	30
HKHKG	SEGOT	33	2690	51
IDJKT	SEGOT	8	2700	46
IDSRG	SEGOT	2	2920	46
IDSUB	SEGOT	4	2930	47
ILASH	SEGOT	2	820	24
ILHFA	SEGOT	3	1130	27
INMAA	SEGOT	5	2140	38
INNSA	SEGOT	19	2110	39
INPAV	SEGOT	6	2060	37
ITGIT	SEGOT	8	840	16
JPHKT	SEGOT	6	3330	59
JPNGO	SEGOT	4	3330	58
JPSMZ	SEGOT	3	3430	53
JPUKB	SEGOT	9	3370	52
JPYOK	SEGOT	5	3320	53
KRPUS	SEGOT	13	4240	50
LKCMB	SEGOT	6	2110	35
MAAGA	SEGOT	1	1090	17
MAPTM	SEGOT	1	800	14
MYPKG	SEGOT	3	2690	35
MYTPP	SEGOT	17	2700	38
NLRTM	SEGOT	2	420	6
PHMNL	SEGOT	2	2730	48
PKBQM	SEGOT	6	2090	36
RULED	SEGOT	3	400	10
SADMM	SEGOT	2	1400	40
SAJBI	SEGOT	9	1530	41
SAJED	SEGOT	6	1350	28
SGSIN	SEGOT	1	2630	35
THLCH	SEGOT	34	2800	46
TRAMB	SEGOT	15	830	20
TRIZM	SEGOT	9	1060	29
TRMER	SEGOT	5	970	25
TWKHH	SEGOT	22	2660	48
VNDAD	SEGOT	1	2960	49
VNHPH	SEGOT	7	3080	49
VNSGN	SEGOT	27	2820	46
AEJEA	SGSIN	10	300	18
BEANR	SGSIN	3	890	28
BEZEE	SGSIN	5	930	37
CNDLC	SGSIN	33	750	13
CNFOC	SGSIN	7	520	9
CNSHA	SGSIN	29	500	8
CNTAO	SGSIN	17	750	12
CNXMN	SGSIN	28	420	8
CNYTN	SGSIN	3	400	6
DEBRV	SGSIN	25	940	29
DEHAM	SGSIN	13	950	34
DKAAR	SGSIN	10	920	33
EGPSD	SGSIN	1	880	18
ESALG	SGSIN	66	890	27
ESBCN	SGSIN	2	850	41
FIKTK	SGSIN	3	1020	42
FRBES	SGSIN	10	1190	30
FRFOS	SGSIN	3	930	32
FRLEH	SGSIN	7	880	32
GBABD	SGSIN	2	930	37
GBFXT	SGSIN	1	760	31
GBSOU	SGSIN	24	820	32
GRPIR	SGSIN	6	1110	31
HKHKG	SGSIN	28	540	6
IDJKT	SGSIN	2	420	3
IDSRG	SGSIN	2	670	3
IDSUB	SGSIN	3	660	4
INCOK	SGSIN	2	480	16
INNSA	SGSIN	4	280	16
ITGIT	SGSIN	2	840	28
ITGOA	SGSIN	5	860	35
JOAQB	SGSIN	3	590	21
JPHKT	SGSIN	6	1050	11
JPUKB	SGSIN	12	1020	11
JPYOK	SGSIN	8	1000	11
KRPUS	SGSIN	39	780	10
KWSWK	SGSIN	7	310	19
LKCMB	SGSIN	4	280	8
MYPKG	SGSIN	1	420	3
MYTPP	SGSIN	79	420	3
NLRTM	SGSIN	116	960	27
NOKRS	SGSIN	2	1340	30
NOSVG	SGSIN	3	1230	29
PLGDY	SGSIN	1	1100	32
SADMM	SGSIN	43	610	31
SAJBI	SGSIN	6	790	17
SAJED	SGSIN	41	590	17
SEGOT	SGSIN	13	960	32
THLCH	SGSIN	24	390	3
TRAMB	SGSIN	1	920	35
TWKEL	SGSIN	36	640	8
TWKHH	SGSIN	34	410	7
UAODS	SGSIN	4	1160	23
VNDAD	SGSIN	3	800	5
VNHPH	SGSIN	12	670	7
VNSGN	SGSIN	8	400	3
AEJEA	SIKOP	5	1640	24
CNDLC	SIKOP	8	3000	41
CNSHA	SIKOP	34	2980	35
CNTAO	SIKOP	11	3000	40
CNXMN	SIKOP	18	3150	32
CNYTN	SIKOP	63	3340	30
ESALG	SIKOP	9	1700	23
HKHKG	SIKOP	36	2810	30
IDJKT	SIKOP	2	2550	32
INCOK	SIKOP	2	2370	37
INMAA	SIKOP	7	2190	35
INNSA	SIKOP	6	2210	29
JPHKT	SIKOP	3	3480	44
JPUKB	SIKOP	13	3190	40
JPYOK	SIKOP	2	3470	42
KRPUS	SIKOP	11	4020	34
LKCMB	SIKOP	3	2210	27
MACAS	SIKOP	2	850	20
MYPKG	SIKOP	2	2810	23
MYTPP	SIKOP	14	2560	24
PKBQM	SIKOP	4	2140	28
RULED	SIKOP	2	390	24
SGSIN	SIKOP	1	2690	31
THLCH	SIKOP	14	2650	35
TWKEL	SIKOP	1	2780	41
TWKHH	SIKOP	9	2780	36
VNHPH	SIKOP	5	2920	37
VNSGN	SIKOP	16	2670	33
AEJEA	SYLTK	40	1820	20
BDCGP	SYLTK	7	2180	38
BEZEE	SYLTK	4	1030	21
BGVAR	SYLTK	7	780	13
CNDLC	SYLTK	11	3620	34
CNSHA	SYLTK	19	2910	36
CNTAO	SYLTK	2	3620	41
CNXMN	SYLTK	7	3050	30
CNYTN	SYLTK	39	3000	30
DEBRV	SYLTK	22	980	22
EGALY	SYLTK	1	560	8
EGPSD	SYLTK	8	570	6
ESALG	SYLTK	13	2280	30
ESBCN	SYLTK	4	590	22
FIKTK	SYLTK	3	1120	70
GBFXT	SYLTK	3	960	22
HKHKG	SYLTK	16	3150	28
IDJKT	SYLTK	4	3000	27
INCOK	SYLTK	1	2530	23
INMAA	SYLTK	6	2180	20
INNSA	SYLTK	35	2300	25
INPAV	SYLTK	1	2310	27
ITGIT	SYLTK	2	590	10
JPHKT	SYLTK	11	3890	48
JPNGO	SYLTK	3	3530	70
JPUKB	SYLTK	2	3660	42
JPYOK	SYLTK	3	3520	43
KRPUS	SYLTK	27	3580	36
LKCMB	SYLTK	16	2250	28
MYPKG	SYLTK	9	2920	26
MYTPP	SYLTK	7	2940	25
NLRTM	SYLTK	21	1010	24
OMSLL	SYLTK	1	1100	13
PKBQM	SYLTK	2	2180	18
PLGDY	SYLTK	3	1200	22
PTLEI	SYLTK	4	880	20
SEGOT	SYLTK	2	990	28
SGSIN	SYLTK	4	2800	31
THLCH	SYLTK	26	2820	35
TRAMB	SYLTK	4	580	12
TWKHH	SYLTK	21	2820	38
UAODS	SYLTK	2	790	12
VNSGN	SYLTK	1	2770	35
AEJEA	THLCH	9	310	20
BEZEE	THLCH	13	880	39
CNDLC	THLCH	3	800	17
CNFOC	THLCH	7	520	11
CNSHA	THLCH	31	530	11
CNTAO	THLCH	7	800	13
CNXMN	THLCH	5	390	12
DEBRV	THLCH	37	950	40
DEHAM	THLCH	4	880	35
DKAAR	THLCH	7	890	44
EGPSD	THLCH	3	900	27
ESALG	THLCH	34	860	36
FIKTK	THLCH	3	960	53
FIRAU	THLCH	3	1240	52
FRBES	THLCH	3	1250	37
FRFOS	THLCH	1	900	40
FRLEH	THLCH	5	940	39
GBFXT	THLCH	47	770	41
GRSKG	THLCH	18	1110	36
HKHKG	THLCH	6	520	10
IDJKT	THLCH	13	400	5
IDSUB	THLCH	12	640	6
IEDUB	THLCH	2	890	34
ILASH	THLCH	6	900	31
ILHFA	THLCH	2	1220	34
INCOK	THLCH	3	470	27
INPAV	THLCH	2	270	12
ITGIT	THLCH	6	830	36
ITGOA	THLCH	8	830	28
JPTYO	THLCH	28	1100	14
JPUKB	THLCH	34	1030	13
JPYOK	THLCH	89	970	14
KRPUS	THLCH	21	830	12
KWSWK	THLCH	3	320	40
LKCMB	THLCH	8	290	9
MAAGA	THLCH	1	1110	48
MYPEN	THLCH	1	590	5
MYPKG	THLCH	5	390	6
MYTPP	THLCH	174	390	3
NLRTM	THLCH	32	880	38
NOBGO	THLCH	1	1310	36
OMSLL	THLCH	2	580	41
PHGES	THLCH	3	810	14
PKKHI	THLCH	2	520	13
PTLEI	THLCH	2	1220	43
RULED	THLCH	2	890	49
SADMM	THLCH	7	620	17
SAJED	THLCH	21	580	18
SEGOT	THLCH	38	950	43
SGSIN	THLCH	52	410	3
TNSFA	THLCH	3	1240	39
TRIZM	THLCH	3	1060	35
TWKEL	THLCH	21	610	10
TWKHH	THLCH	90	420	9
VNHPH	THLCH	11	700	9
VNSGN	THLCH	8	410	10
YEADE	THLCH	2	820	38
AEJEA	TNSFA	3	1920	22
BEANR	TNSFA	5	1090	21
CNSHA	TNSFA	4	3280	38
CNYTN	TNSFA	2	3290	33
DEBRV	TNSFA	2	1100	13
ESALG	TNSFA	13	740	16
HKHKG	TNSFA	2	3210	37
JOAQB	TNSFA	3	1320	14
NLRTM	TNSFA	5	1120	23
SAJED	TNSFA	7	1310	18
SGSIN	TNSFA	1	3150	39
SIKOP	TNSFA	2	1170	22
AEJEA	TNTUN	14	1810	22
CNDLC	TNTUN	2	3510	36
CNLYG	TNTUN	2	3970	33
CNSHA	TNTUN	37	2890	40
CNTAO	TNTUN	2	3510	45
CNYTN	TNTUN	24	2910	35
DEBRV	TNTUN	16	980	17
DEHAM	TNTUN	5	970	17
EGALY	TNTUN	1	590	10
EGPSD	TNTUN	2	610	12
ESALG	TNTUN	19	610	8
ESVGO	TNTUN	4	830	21
FRLEH	TNTUN	4	1040	20
GRSKG	TNTUN	1	750	10
HKHKG	TNTUN	6	3130	39
INCOK	TNTUN	1	2400	50
INMAA	TNTUN	2	2290	40
INNSA	TNTUN	9	2180	28
INPAV	TNTUN	2	2250	31
ITTRS	TNTUN	4	880	4
JOAQB	TNTUN	4	1200	16
JPUKB	TNTUN	2	3550	36
JPYOK	TNTUN	3	3690	47
KRPUS	TNTUN	1	3470	45
KWSWK	TNTUN	1	1820	28
LKCMB	TNTUN	10	2190	32
NLRTM	TNTUN	5	1000	22
OMSLL	TNTUN	8	1160	20
PKBQM	TNTUN	1	2280	26
PLGDY	TNTUN	1	1230	18
PTLEI	TNTUN	7	940	15
SADMM	TNTUN	5	1120	31
SAJED	TNTUN	38	1190	20
SGSIN	TNTUN	1	2780	30
SIKOP	TNTUN	10	950	15
THLCH	TNTUN	16	3020	40
TRAMB	TNTUN	2	600	7
TRMER	TNTUN	1	740	12
TWKHH	TNTUN	6	2740	42
VNSGN	TNTUN	2	2980	33
AEJEA	TRAMB	29	1500	14
BDCGP	TRAMB	8	2060	35
BEANR	TRAMB	160	800	14
BEZEE	TRAMB	3	800	18
CNDLC	TRAMB	23	3420	40
CNFOC	TRAMB	9	2850	33
CNSHA	TRAMB	252	2790	33
CNTAO	TRAMB	29	3420	38
CNXMN	TRAMB	38	2790	29
CNYTN	TRAMB	110	2800	28
DEBRV	TRAMB	54	820	17
DEHAM	TRAMB	3	820	21
EGPSD	TRAMB	1	400	10
ESALG	TRAMB	6	390	19
FIKTK	TRAMB	23	890	27
FIRAU	TRAMB	3	1170	20
GBABD	TRAMB	6	1010	25
GBFXT	TRAMB	14	850	23
GBSOU	TRAMB	2	900	23
HKHKG	TRAMB	73	2730	31
IDJKT	TRAMB	38	2730	32
IDSRG	TRAMB	5	2840	23
INMAA	TRAMB	13	2150	29
INNSA	TRAMB	22	2050	20
INPAV	TRAMB	4	2120	22
ITGIT	TRAMB	11	400	11
JPHKT	TRAMB	6	3440	34
JPNGO	TRAMB	166	3520	44
JPSMZ	TRAMB	3	3650	47
JPUKB	TRAMB	25	3460	39
JPYOK	TRAMB	42	3590	41
KRPUS	TRAMB	77	3380	35
LKCMB	TRAMB	6	2060	25
MYPEN	TRAMB	4	2730	30
MYPKG	TRAMB	20	2660	22
MYTPP	TRAMB	18	2670	22
NLRTM	TRAMB	4	840	24
NOAES	TRAMB	4	1160	28
PHMNL	TRAMB	3	2810	36
PKBQM	TRAMB	20	2150	27
RULED	TRAMB	48	780	25
SADMM	TRAMB	33	970	23
SAJED	TRAMB	38	1030	12
SEGOT	TRAMB	48	790	20
SGSIN	TRAMB	4	2670	28
THLCH	TRAMB	64	2620	33
TWKEL	TRAMB	3	2930	29
TWKHH	TRAMB	105	2630	35
VNDAD	TRAMB	2	3190	35
VNSGN	TRAMB	24	2580	32
AEJEA	TRIZM	22	1760	24
BEANR	TRIZM	26	1040	22
BEZEE	TRIZM	5	1040	25
CNDLC	TRIZM	5	3720	41
CNFOC	TRIZM	4	3140	35
CNSHA	TRIZM	51	3070	33
CNTAO	TRIZM	5	3720	39
CNXMN	TRIZM	5	3070	38
CNYTN	TRIZM	9	3090	28
DEBRV	TRIZM	17	1070	23
DKAAR	TRIZM	1	1030	28
ESALG	TRIZM	1	2710	70
FIKTK	TRIZM	4	1130	35
GBFXT	TRIZM	2	1000	21
HKHKG	TRIZM	18	3010	32
IDSUB	TRIZM	1	3210	35
IEDUB	TRIZM	2	1180	28
INMAA	TRIZM	3	2210	33
INNSA	TRIZM	6	2320	27
JPHKT	TRIZM	3	3740	47
JPUKB	TRIZM	5	3760	39
KRPUS	TRIZM	7	3680	36
LKCMB	TRIZM	2	2330	20
MYPKG	TRIZM	5	2940	30
MYTPP	TRIZM	1	3730	34
NLRTM	TRIZM	11	990	25
PKBQM	TRIZM	11	2200	28
PLGDY	TRIZM	4	1300	24
SADMM	TRIZM	2	1220	33
SAJED	TRIZM	2	1160	13
SEGOT	TRIZM	8	1020	29
SGSIN	TRIZM	3	2950	32
SIKOP	TRIZM	3	1010	13
THLCH	TRIZM	6	2910	33
TWKHH	TRIZM	22	2910	35
VNSGN	TRIZM	3	2860	33
AEJEA	TRMER	8	1740	20
BDCGP	TRMER	24	2270	37
BGVAR	TRMER	11	800	24
CNDLC	TRMER	11	3750	35
CNSHA	TRMER	28	3080	36
CNTAO	TRMER	3	3750	41
CNXMN	TRMER	4	3080	70
CNYTN	TRMER	5	3100	31
DEBRV	TRMER	4	930	23
EGPSD	TRMER	2	570	6
ESALG	TRMER	3	560	14
ESVLC	TRMER	4	580	22
GBABD	TRMER	3	1200	34
GBFXT	TRMER	2	970	22
GBSOU	TRMER	1	1090	22
GRSKG	TRMER	2	750	20
HKHKG	TRMER	5	3020	29
IDJKT	TRMER	5	2960	35
INMAA	TRMER	10	2200	29
INNSA	TRMER	11	2310	25
INPAV	TRMER	4	2330	27
JPNGO	TRMER	5	3760	47
JPYOK	TRMER	5	3470	43
KRPUS	TRMER	12	3710	34
LKCMB	TRMER	3	2320	28
MYPKG	TRMER	3	2950	23
MYTPP	TRMER	2	3500	40
NLRTM	TRMER	13	950	19
PKBQM	TRMER	3	2200	23
PLGDY	TRMER	8	1270	24
SADMM	TRMER	30	1190	28
SAJED	TRMER	20	1130	15
THLCH	TRMER	5	2910	36
TWKHH	TRMER	28	2920	38
VNHPH	TRMER	1	3240	30
ESALG	TWKEL	8	1580	40
ITGIT	TWKEL	2	1080	40
MYTPP	TWKEL	32	1300	24
PLGDY	TWKEL	1	1320	47
UAODS	TWKEL	4	1300	39
VNDAD	TWKEL	9	970	16
VNHPH	TWKEL	19	960	10
VNSGN	TWKEL	39	620	14
AEJEA	TWKHH	3	320	26
BGVAR	TWKHH	2	1130	42
DEBRV	TWKHH	58	900	44
DEHAM	TWKHH	27	940	40
DKAAR	TWKHH	7	930	42
ESALG	TWKHH	65	880	32
FIRAU	TWKHH	2	1300	49
FRFOS	TWKHH	5	920	70
GBABD	TWKHH	5	990	38
GBFXT	TWKHH	7	760	36
GBSOU	TWKHH	4	790	37
GRSKG	TWKHH	2	1080	33
HKHKG	TWKHH	27	540	4
IDJKT	TWKHH	5	390	8
IDSRG	TWKHH	1	650	12
IDSUB	TWKHH	2	670	13
ILHFA	TWKHH	3	1240	30
INMAA	TWKHH	3	280	24
ITGIT	TWKHH	7	890	38
ITGOA	TWKHH	2	850	34
JPUKB	TWKHH	16	1030	6
JPYOK	TWKHH	5	960	7
KRPUS	TWKHH	10	840	10
KWSWK	TWKHH	1	300	32
LKCMB	TWKHH	5	270	17
MYTPP	TWKHH	96	410	10
NLRTM	TWKHH	122	920	40
NOKRS	TWKHH	3	1250	39
OMSLL	TWKHH	2	610	36
PHGES	TWKHH	1	830	5
PHMNL	TWKHH	102	590	6
PLGDY	TWKHH	1	1140	41
RULED	TWKHH	18	870	46
SAJED	TWKHH	1	600	31
SEGOT	TWKHH	17	930	45
SGSIN	TWKHH	32	420	12
THLCH	TWKHH	49	420	10
TNTUN	TWKHH	2	1020	45
TRAMB	TWKHH	1	910	37
UAODS	TWKHH	17	1120	39
VNDAD	TWKHH	9	790	14
VNHPH	TWKHH	33	680	4
VNSGN	TWKHH	58	420	5
AEJEA	UAODS	54	1770	26
BDCGP	UAODS	2	2410	43
BEANR	UAODS	1	1110	30
CNDLC	UAODS	90	3630	49
CNFOC	UAODS	2	3000	45
CNLYG	UAODS	1	3740	41
CNSHA	UAODS	154	3000	43
CNTAO	UAODS	14	3630	48
CNXMN	UAODS	27	3010	41
CNYTN	UAODS	61	3020	37
ESALG	UAODS	7	680	25
HKHKG	UAODS	40	3010	40
IDJKT	UAODS	12	2960	41
IDSUB	UAODS	1	3070	27
INMAA	UAODS	5	2210	24
INNSA	UAODS	26	2280	32
INPAV	UAODS	2	2300	32
ITGIT	UAODS	1	630	14
ITGOA	UAODS	3	670	13
JPNGO	UAODS	3	3650	37
JPTYO	UAODS	4	3670	39
JPUKB	UAODS	5	3670	49
JPYOK	UAODS	5	3810	38
KRPUS	UAODS	59	3680	40
KWSWK	UAODS	4	1790	32
LBBEY	UAODS	4	780	15
LKCMB	UAODS	4	2340	22
MYTPP	UAODS	19	2830	32
NLRTM	UAODS	2	1110	29
OMSLL	UAODS	2	1190	35
PKBQM	UAODS	6	2390	36
SAJED	UAODS	1	1180	13
SGSIN	UAODS	1	2880	40
THLCH	UAODS	36	2910	32
TWKHH	UAODS	15	2850	45
VNHPH	UAODS	1	3300	46
VNSGN	UAODS	21	2860	34
DEBRV	VNDAD	4	1320	31
ESALG	VNDAD	13	1680	28
KRPUS	VNDAD	2	1220	15
NLRTM	VNDAD	4	1350	39
SGSIN	VNDAD	6	800	5
THLCH	VNDAD	3	780	11
AEJEA	VNHPH	7	600	22
CNTAO	VNHPH	3	1120	11
CYLMS	VNHPH	1	1380	38
DEBRV	VNHPH	9	1240	43
DEHAM	VNHPH	1	1230	48
ESALG	VNHPH	81	1580	28
ESBCN	VNHPH	3	1110	47
GRPIR	VNHPH	1	1400	35
INCOK	VNHPH	3	750	30
INMAA	VNHPH	2	570	23
INNSA	VNHPH	30	550	29
IRBND	VNHPH	3	690	42
ITGIT	VNHPH	13	1230	29
ITGOA	VNHPH	3	1200	32
JOAQB	VNHPH	1	910	39
JPHKT	VNHPH	6	1320	10
JPNGO	VNHPH	4	1310	12
JPUKB	VNHPH	9	1340	8
JPYOK	VNHPH	28	1280	10
LKCMB	VNHPH	1	590	14
MYPEN	VNHPH	9	840	8
MYPKG	VNHPH	6	680	10
MYTPP	VNHPH	23	700	12
NLRTM	VNHPH	5	1270	40
OMSLL	VNHPH	2	850	26
PHMNL	VNHPH	12	890	9
SADMM	VNHPH	1	870	21
SAJED	VNHPH	5	870	31
SGSIN	VNHPH	36	710	7
SIKOP	VNHPH	2	1200	46
THLCH	VNHPH	41	690	11
TNTUN	VNHPH	1	1370	52
TWKEL	VNHPH	7	940	7
TWKHH	VNHPH	20	680	3
YEADE	VNHPH	2	1040	41
AEJEA	VNSGN	1	320	18
BEZEE	VNSGN	8	900	35
CNDLC	VNSGN	12	750	10
CNSHA	VNSGN	10	530	12
CNXMN	VNSGN	3	390	9
DEBRV	VNSGN	15	960	40
DKAAR	VNSGN	8	890	44
ESALG	VNSGN	57	900	25
GBABD	VNSGN	2	950	28
GBSOU	VNSGN	1	830	34
HKHKG	VNSGN	5	510	11
IDJKT	VNSGN	7	420	9
IDSUB	VNSGN	3	630	6
IEDUB	VNSGN	1	920	29
ILASH	VNSGN	1	850	25
INCOK	VNSGN	2	480	26
INMAA	VNSGN	10	280	8
INNSA	VNSGN	45	270	26
ITGIT	VNSGN	7	850	24
JPHKT	VNSGN	4	1060	9
JPUKB	VNSGN	10	960	13
JPYOK	VNSGN	25	1010	13
KWSWK	VNSGN	10	320	20
LKCMB	VNSGN	4	290	9
MYPEN	VNSGN	4	570	6
MYPKG	VNSGN	13	400	3
MYTPP	VNSGN	164	410	3
NLRTM	VNSGN	9	890	37
OMSLL	VNSGN	8	580	22
PHMNL	VNSGN	7	600	11
RULED	VNSGN	2	870	48
SADMM	VNSGN	7	590	16
SAJED	VNSGN	6	600	27
SEGOT	VNSGN	5	950	42
SGSIN	VNSGN	35	420	3
THLCH	VNSGN	218	410	6
TRAMB	VNSGN	9	870	37
TRMER	VNSGN	3	1060	30
TWKEL	VNSGN	7	590	11
TWKHH	VNSGN	90	400	12
UAODS	VNSGN	9	1140	35
AEJEA	YEADE	42	910	19
BDCGP	YEADE	2	880	42
BGVAR	YEADE	1	1320	33
CNDLC	YEADE	2	2350	49
CNTAO	YEADE	1	2300	43
CNYTN	YEADE	9	1770	35
DEBRV	YEADE	14	1330	30
DEHAM	YEADE	1	1420	34
DKAAR	YEADE	4	1360	36
EGPSD	YEADE	9	1070	13
ESVLC	YEADE	1	1040	27
FRBES	YEADE	8	1590	34
FRLEH	YEADE	1	1370	33
GBFXT	YEADE	10	1360	30
HKHKG	YEADE	4	1560	31
IDJKT	YEADE	3	1200	40
INCOK	YEADE	6	1100	31
INNSA	YEADE	43	890	22
INPAV	YEADE	4	880	20
ITGIT	YEADE	5	1030	17
ITTRS	YEADE	8	1300	19
JPHKT	YEADE	3	2790	52
JPNGO	YEADE	3	2750	38
LBBEY	YEADE	5	1220	22
LKCMB	YEADE	8	850	13
MAPTM	YEADE	4	1080	30
MYTPP	YEADE	8	1300	27
NLRTM	YEADE	5	1360	29
NOSVG	YEADE	1	1650	34
OMSLL	YEADE	20	600	31
SAJED	YEADE	6	620	9
SEGOT	YEADE	21	1320	35
SGSIN	YEADE	1	1200	27
SYLTK	YEADE	5	1260	19
THLCH	YEADE	8	1290	39
TNSFA	YEADE	2	1330	22
TNTUN	YEADE	1	1260	19
TRAMB	YEADE	16	1060	24
TRIZM	YEADE	1	1320	24
TRMER	YEADE	4	1250	19
UAODS	YEADE	8	1330	30
VNHPH	YEADE	1	1550	34